Iteration,Scenario,Left_Out_Year,Train_Rows,Test_Rows,RMSE,NRMSE_Percent,Status,Error
13,Warm_Full,2022,3817,1243,1655.6644978400395,20.230402868424164,Completed,
14,Warm_Full,2022,3817,1243,1662.7505808763658,20.31698702528143,Completed,
8,Warm_Full,2022,3817,1243,1682.3206900870175,20.556112279236586,Completed,
20,Warm_Full,2022,3817,1243,1649.0565240395322,20.149660681644985,Completed,
0,Warm_Full,2022,3817,1243,1580.6086031609868,19.313302218511,Completed,
3,Warm_Full,2022,3817,1243,1610.4216275591039,19.67758465319925,Completed,
1,Warm_Full,2022,3817,1243,1619.2158715835567,19.785040662414893,Completed,
2,Warm_Full,2022,3817,1243,1584.2047137851453,19.35724274316503,Completed,
16,Warm_Full,2022,3817,1243,1593.5596431749623,19.471549712124357,Completed,
6,Warm_Full,2022,3817,1243,1616.6260718557683,19.753396152364672,Completed,
10,Warm_Full,2022,3817,1243,1590.8677769036944,19.43865806094339,Completed,
11,Warm_Full,2022,3817,1243,1618.0136434426215,19.77035075412574,Completed,
24,Warm_Full,2022,3817,1243,1597.8328009837312,19.523763010231875,Completed,
23,Warm_Full,2022,3817,1243,1659.958108542034,20.28286607843733,Completed,
19,Warm_Full,2022,3817,1243,1605.402806983892,19.616260174542294,Completed,
22,Warm_Full,2022,3817,1243,1603.5910053679859,19.594121947470768,Completed,
27,Warm_Full,2022,3817,1243,1633.2433975403453,19.95644163267386,Completed,
28,Warm_Full,2022,3817,1243,1578.7892769603077,19.29107204927271,Completed,
25,Warm_Full,2022,3817,1243,1615.6133712711605,19.741022062784065,Completed,
26,Warm_Full,2022,3817,1243,1596.9691146393375,19.513209711105244,Completed,
15,Warm_Full,2022,3817,1243,1614.3652101787136,19.725770904244495,Completed,
30,Warm_Full,2022,3817,1243,1640.7874945147987,20.04862221712848,Completed,
12,Warm_Full,2022,3817,1243,1626.7534803685662,19.87714196831609,Completed,
7,Warm_Full,2022,3817,1243,1592.7478508927761,19.4616305014778,Completed,
29,Warm_Full,2022,3817,1243,1586.6578963558848,19.38721794151023,Completed,
4,Warm_Full,2022,3817,1243,1594.8903766905337,19.487809815041132,Completed,
5,Warm_Full,2022,3817,1243,1609.7251269116637,19.669074179782555,Completed,
9,Warm_Full,2022,3817,1243,1629.0455195639083,19.90514817148858,Completed,
18,Warm_Full,2022,3817,1243,1615.6967642703937,19.742041033700634,Completed,
31,Warm_Full,2022,3817,1243,1610.4158700583246,19.677514302859294,Completed,
21,Warm_Full,2022,3817,1243,1587.4872725278265,19.39735200798912,Completed,
17,Warm_Full,2022,3817,1243,1669.7656592512585,20.402703583112313,Completed,
32,Warm_Full,2022,3817,1243,1565.8410297260439,19.13285868036201,Completed,
34,Warm_Full,2022,3817,1243,1652.4427980746693,20.191037233502612,Completed,
43,Warm_Full,2022,3817,1243,1650.7720434388445,20.170622445711295,Completed,
37,Warm_Full,2022,3817,1243,1624.905419787509,19.854560696489088,Completed,
39,Warm_Full,2022,3817,1243,1650.803091102731,20.17100181408536,Completed,
46,Warm_Full,2022,3817,1243,1661.1202996085417,20.297066777622586,Completed,
35,Warm_Full,2022,3817,1243,1596.5360291460186,19.50791788174142,Completed,
38,Warm_Full,2022,3817,1243,1621.3450756408322,19.811057198931778,Completed,
41,Warm_Full,2022,3817,1243,1581.368498393698,19.322587304176363,Completed,
40,Warm_Full,2022,3817,1243,1583.8235586985681,19.35258544637159,Completed,
51,Warm_Full,2022,3817,1243,1601.249629753898,19.565512907413986,Completed,
54,Warm_Full,2022,3817,1243,1596.7791361885904,19.510888382961806,Completed,
57,Warm_Full,2022,3817,1243,1657.110224325372,20.248068059212503,Completed,
56,Warm_Full,2022,3817,1243,1634.9562916496402,19.977371318577735,Completed,
58,Warm_Full,2022,3817,1243,1624.4893464601262,19.84947673712006,Completed,
55,Warm_Full,2022,3817,1243,1616.9375845149868,19.757202495136912,Completed,
36,Warm_Full,2022,3817,1243,1653.5316246054422,20.204341498587777,Completed,
44,Warm_Full,2022,3817,1243,1672.13509542228,20.43165549237492,Completed,
59,Warm_Full,2022,3817,1243,1619.7190275725195,19.79118867632451,Completed,
33,Warm_Full,2022,3817,1243,1579.7042328073496,19.302251805447117,Completed,
62,Warm_Full,2022,3817,1243,1653.9743318540961,20.209750895240738,Completed,
60,Warm_Full,2022,3817,1243,1581.867424254349,19.328683630561095,Completed,
50,Warm_Full,2022,3817,1243,1631.8146868899742,19.938984356711778,Completed,
61,Warm_Full,2022,3817,1243,1581.7623777020456,19.32740007699344,Completed,
63,Warm_Full,2022,3817,1243,1656.0010237352585,20.234514845485226,Completed,
64,Warm_Full,2022,3817,1243,1596.3268475746017,19.50536191254118,Completed,
65,Warm_Full,2022,3817,1243,1581.5313282616085,19.324576906436445,Completed,
53,Warm_Full,2022,3817,1243,1605.0759599410403,19.61226646243343,Completed,
45,Warm_Full,2022,3817,1243,1630.4418220505543,19.922209455261882,Completed,
68,Warm_Full,2022,3817,1243,1627.4005039443443,19.88504788622424,Completed,
72,Warm_Full,2022,3817,1243,1656.5874457862735,20.24168027927839,Completed,
42,Warm_Full,2022,3817,1243,1588.6087033393876,19.411054661598317,Completed,
48,Warm_Full,2022,3817,1243,1618.5492478631872,19.776895252253404,Completed,
47,Warm_Full,2022,3817,1243,1573.829466412563,19.230468608380647,Completed,
66,Warm_Full,2022,3817,1243,1611.9448807225176,19.69619713489869,Completed,
49,Warm_Full,2022,3817,1243,1609.2062564684966,19.662734152491108,Completed,
67,Warm_Full,2022,3817,1243,1616.9205731496525,19.756994634924588,Completed,
69,Warm_Full,2022,3817,1243,1612.2071147984059,19.69940134747193,Completed,
52,Warm_Full,2022,3817,1243,1530.5878057314842,18.702102977892604,Completed,
75,Warm_Full,2022,3817,1243,1629.1396232258257,19.906298014946884,Completed,
74,Warm_Full,2022,3817,1243,1661.1544472637095,20.29748402448749,Completed,
78,Warm_Full,2022,3817,1243,1627.7456140682768,19.889264753137937,Completed,
77,Warm_Full,2022,3817,1243,1595.7701930006103,19.498560204643784,Completed,
83,Warm_Full,2022,3817,1243,1582.1015445746698,19.331544323899603,Completed,
79,Warm_Full,2022,3817,1243,1614.934683411658,19.732729242084243,Completed,
80,Warm_Full,2022,3817,1243,1617.123205699339,19.759470582267642,Completed,
84,Warm_Full,2022,3817,1243,1601.8045265003873,19.572293136588737,Completed,
71,Warm_Full,2022,3817,1243,1670.3317441959368,20.409620519788515,Completed,
76,Warm_Full,2022,3817,1243,1666.6550893543163,20.36469583320427,Completed,
88,Warm_Full,2022,3817,1243,1641.229053046713,20.054017577723737,Completed,
91,Warm_Full,2022,3817,1243,1625.4006314766566,19.86061163977481,Completed,
90,Warm_Full,2022,3817,1243,1576.9303276810942,19.268357729505922,Completed,
95,Warm_Full,2022,3817,1243,1637.912782879641,20.013496396296024,Completed,
70,Warm_Full,2022,3817,1243,1589.9220265433592,19.427102029617295,Completed,
93,Warm_Full,2022,3817,1243,1610.354896731172,19.676769275727203,Completed,
94,Warm_Full,2022,3817,1243,1665.4579467621975,20.350068064739638,Completed,
96,Warm_Full,2022,3817,1243,1610.0685404971503,19.673270316858606,Completed,
99,Warm_Full,2022,3817,1243,1645.5987740645717,20.107410772256344,Completed,
97,Warm_Full,2022,3817,1243,1617.7685700767256,19.767356226592618,Completed,
98,Warm_Full,2022,3817,1243,1592.306161994626,19.456233547950234,Completed,
0,Warm_Full,2023,3305,1755,1077.4653009543201,13.447472504600713,Completed,
89,Warm_Full,2022,3817,1243,1618.635024063555,19.777943343271982,Completed,
85,Warm_Full,2022,3817,1243,1618.8778494813423,19.780910403346617,Completed,
73,Warm_Full,2022,3817,1243,1584.243082440856,19.357711566023504,Completed,
81,Warm_Full,2022,3817,1243,1652.287653820458,20.189141541006027,Completed,
3,Warm_Full,2023,3305,1755,1079.647670352257,13.474709903751888,Completed,
82,Warm_Full,2022,3817,1243,1582.2509279383733,19.333369624637463,Completed,
5,Warm_Full,2023,3305,1755,1051.0723034839536,13.118070613437819,Completed,
6,Warm_Full,2023,3305,1755,1084.6044545846469,13.536573816786737,Completed,
4,Warm_Full,2023,3305,1755,1063.167279266255,13.269023831265114,Completed,
9,Warm_Full,2023,3305,1755,1081.2435828418984,13.49462793666227,Completed,
8,Warm_Full,2023,3305,1755,1048.3739631209587,13.084393558773236,Completed,
92,Warm_Full,2022,3817,1243,1617.1794924833312,19.760158344986365,Completed,
87,Warm_Full,2022,3817,1243,1545.1735781006048,18.88032510656625,Completed,
86,Warm_Full,2022,3817,1243,1632.566873327562,19.948175249362084,Completed,
10,Warm_Full,2023,3305,1755,1036.6955755551485,12.938639634679152,Completed,
12,Warm_Full,2023,3305,1755,1083.711671780169,13.525431302772443,Completed,
11,Warm_Full,2023,3305,1755,1064.7861912271349,13.289228912637125,Completed,
14,Warm_Full,2023,3305,1755,1039.7030679456363,12.976175109086599,Completed,
13,Warm_Full,2023,3305,1755,1078.9705323138433,13.466258777627157,Completed,
1,Warm_Full,2023,3305,1755,1073.7078554131858,13.400577123786883,Completed,
22,Warm_Full,2023,3305,1755,1106.1278152964437,13.8051994524542,Completed,
25,Warm_Full,2023,3305,1755,1112.1402123000064,13.880238104112442,Completed,
21,Warm_Full,2023,3305,1755,1039.8381411725702,12.977860911407744,Completed,
19,Warm_Full,2023,3305,1755,1060.6889742911605,13.238092962325688,Completed,
23,Warm_Full,2023,3305,1755,1057.0816248394995,13.193070878994806,Completed,
24,Warm_Full,2023,3305,1755,1041.6831831260472,13.000888243162409,Completed,
7,Warm_Full,2023,3305,1755,1086.7563481242553,13.563430857269692,Completed,
29,Warm_Full,2023,3305,1755,1084.6614124820446,13.537284688643581,Completed,
30,Warm_Full,2023,3305,1755,1074.5653296369142,13.411278963592563,Completed,
2,Warm_Full,2023,3305,1755,1094.239220967262,13.656822010305092,Completed,
31,Warm_Full,2023,3305,1755,1051.6546590917974,13.125338792763355,Completed,
33,Warm_Full,2023,3305,1755,1082.7658281159613,13.51362655448327,Completed,
32,Warm_Full,2023,3305,1755,1047.7845681539136,13.077037523635335,Completed,
36,Warm_Full,2023,3305,1755,1093.6847260826637,13.649901551049492,Completed,
16,Warm_Full,2023,3305,1755,1081.6244653620747,13.499381599924575,Completed,
35,Warm_Full,2023,3305,1755,1048.732429721492,13.088867456679946,Completed,
39,Warm_Full,2023,3305,1755,1091.7746015099858,13.626061945589624,Completed,
37,Warm_Full,2023,3305,1755,1081.5702935848108,13.498705500671415,Completed,
40,Warm_Full,2023,3305,1755,1068.7994542099516,13.339317062638207,Completed,
18,Warm_Full,2023,3305,1755,1094.9816800393105,13.66608838570328,Completed,
38,Warm_Full,2023,3305,1755,1036.0916137682486,12.931101796090783,Completed,
20,Warm_Full,2023,3305,1755,1061.09881048375,13.243207986379227,Completed,
43,Warm_Full,2023,3305,1755,1076.6309755127547,13.437059576754773,Completed,
17,Warm_Full,2023,3305,1755,1051.3386780868943,13.121395142910645,Completed,
42,Warm_Full,2023,3305,1755,1072.7393503727144,13.388489546682758,Completed,
15,Warm_Full,2023,3305,1755,1067.5062488068686,13.323177012387532,Completed,
45,Warm_Full,2023,3305,1755,1072.1709369754324,13.381395375274707,Completed,
28,Warm_Full,2023,3305,1755,1098.1809123748478,13.7060169001806,Completed,
46,Warm_Full,2023,3305,1755,1059.4520114800068,13.222654856451213,Completed,
26,Warm_Full,2023,3305,1755,1045.5069121280242,13.048610884971465,Completed,
47,Warm_Full,2023,3305,1755,1080.2650036334212,13.482414627344639,Completed,
50,Warm_Full,2023,3305,1755,1054.597708975108,13.162069982482812,Completed,
27,Warm_Full,2023,3305,1755,1065.8350912295336,13.302319871510548,Completed,
51,Warm_Full,2023,3305,1755,1060.018155148379,13.2297207001562,Completed,
48,Warm_Full,2023,3305,1755,1068.4966075862437,13.335537338463501,Completed,
52,Warm_Full,2023,3305,1755,1057.665396569676,13.200356732454363,Completed,
53,Warm_Full,2023,3305,1755,1080.907403425532,13.49043219740812,Completed,
34,Warm_Full,2023,3305,1755,1066.4345331785,13.30980129956182,Completed,
57,Warm_Full,2023,3305,1755,1072.6706414507696,13.387632014344728,Completed,
55,Warm_Full,2023,3305,1755,1080.9343164635095,13.490768089745348,Completed,
59,Warm_Full,2023,3305,1755,1070.218688034411,13.35703003011392,Completed,
41,Warm_Full,2023,3305,1755,1095.0253773093457,13.666633756247283,Completed,
63,Warm_Full,2023,3305,1755,1093.200811968335,13.643861986024744,Completed,
61,Warm_Full,2023,3305,1755,1039.8061343921036,12.977461445828755,Completed,
65,Warm_Full,2023,3305,1755,1069.5081425233684,13.348161956854812,Completed,
71,Warm_Full,2023,3305,1755,1094.2874330869788,13.657423729129544,Completed,
44,Warm_Full,2023,3305,1755,1057.9263854388646,13.203614044443263,Completed,
66,Warm_Full,2023,3305,1755,1082.3337515586295,13.508233956114251,Completed,
70,Warm_Full,2023,3305,1755,1072.6355906975068,13.38719455799198,Completed,
68,Warm_Full,2023,3305,1755,1087.86608265086,13.577281070841032,Completed,
69,Warm_Full,2023,3305,1755,1067.1585798002488,13.318837875523377,Completed,
49,Warm_Full,2023,3305,1755,1100.9506024872892,13.740584446439708,Completed,
75,Warm_Full,2023,3305,1755,1099.1266255441074,13.71782001980737,Completed,
73,Warm_Full,2023,3305,1755,1077.7820226796584,13.451425399129496,Completed,
56,Warm_Full,2023,3305,1755,1093.5894040679082,13.648711869886327,Completed,
74,Warm_Full,2023,3305,1755,1060.2457473927645,13.23256120039869,Completed,
54,Warm_Full,2023,3305,1755,1031.2122935281923,12.870204684405437,Completed,
64,Warm_Full,2023,3305,1755,1065.7891399151754,13.301746369017394,Completed,
58,Warm_Full,2023,3305,1755,1055.1878228841138,13.169434990487163,Completed,
62,Warm_Full,2023,3305,1755,1065.9059547846352,13.303204295081278,Completed,
78,Warm_Full,2023,3305,1755,1071.859532131222,13.377508838904015,Completed,
60,Warm_Full,2023,3305,1755,1051.932386780774,13.128805016184167,Completed,
77,Warm_Full,2023,3305,1755,1051.5899728886066,13.124531466589543,Completed,
67,Warm_Full,2023,3305,1755,1052.9593945207012,13.141622745286394,Completed,
79,Warm_Full,2023,3305,1755,1041.2620206066958,12.995631859134146,Completed,
80,Warm_Full,2023,3305,1755,1104.3140137194807,13.782562021055336,Completed,
84,Warm_Full,2023,3305,1755,1066.4504327617415,13.309999736772077,Completed,
85,Warm_Full,2023,3305,1755,1062.1267084631988,13.256036826253634,Completed,
82,Warm_Full,2023,3305,1755,1036.594521472663,12.937378413557232,Completed,
87,Warm_Full,2023,3305,1755,1076.957184352009,13.441130876677606,Completed,
83,Warm_Full,2023,3305,1755,1065.149930300536,13.293768614457758,Completed,
72,Warm_Full,2023,3305,1755,1047.232534686281,13.070147784475258,Completed,
88,Warm_Full,2023,3305,1755,1083.6283262912182,13.524391096493824,Completed,
76,Warm_Full,2023,3305,1755,1074.6285478298082,13.412067968036586,Completed,
90,Warm_Full,2023,3305,1755,1042.532043438555,13.011482575715474,Completed,
97,Warm_Full,2023,3305,1755,1078.463499530548,13.459930676475079,Completed,
95,Warm_Full,2023,3305,1755,1087.9245048788798,13.578010218502918,Completed,
1,Warm_Full,2024,2998,2062,1147.1610445683573,13.966977964209345,Completed,
2,Warm_Full,2024,2998,2062,1140.4960713689889,13.885830217562619,Completed,
99,Warm_Full,2023,3305,1755,1074.8143779934778,13.414387250164983,Completed,
81,Warm_Full,2023,3305,1755,1109.1446847956088,13.842851959318281,Completed,
5,Warm_Full,2024,2998,2062,1144.1750555108847,13.930622786734867,Completed,
3,Warm_Full,2024,2998,2062,1144.229772611505,13.93128898137445,Completed,
0,Warm_Full,2024,2998,2062,1105.9936979662652,13.465755031684873,Completed,
86,Warm_Full,2023,3305,1755,1062.9290509771174,13.266050586219395,Completed,
89,Warm_Full,2023,3305,1755,1082.2166389363126,13.506772313899736,Completed,
4,Warm_Full,2024,2998,2062,1109.2311803889531,13.505172204950386,Completed,
92,Warm_Full,2023,3305,1755,1045.478732484188,13.04825918456372,Completed,
7,Warm_Full,2024,2998,2062,1113.0391616851452,13.551535347339035,Completed,
91,Warm_Full,2023,3305,1755,1067.3235185557164,13.320896419197245,Completed,
94,Warm_Full,2023,3305,1755,1084.4225261003303,13.53430323017157,Completed,
10,Warm_Full,2024,2998,2062,1097.9481548065744,13.367798494062225,Completed,
98,Warm_Full,2023,3305,1755,1078.9738112245184,13.46629970057949,Completed,
9,Warm_Full,2024,2998,2062,1129.5719998204381,13.752826863482145,Completed,
93,Warm_Full,2023,3305,1755,1048.31760965011,13.083690230555515,Completed,
11,Warm_Full,2024,2998,2062,1092.912802132684,13.306491792469414,Completed,
96,Warm_Full,2023,3305,1755,1076.3870180664026,13.434014828075435,Completed,
13,Warm_Full,2024,2998,2062,1116.5676149127291,13.594495164280826,Completed,
12,Warm_Full,2024,2998,2062,1109.5155403008177,13.508634359319839,Completed,
16,Warm_Full,2024,2998,2062,1102.7238155279986,13.42594337997558,Completed,
6,Warm_Full,2024,2998,2062,1130.9535301003423,13.769647346593624,Completed,
14,Warm_Full,2024,2998,2062,1086.5789381673665,13.229375385099448,Completed,
17,Warm_Full,2024,2998,2062,1124.5400279380337,13.691561323886953,Completed,
18,Warm_Full,2024,2998,2062,1108.3437727637452,13.494367791040728,Completed,
8,Warm_Full,2024,2998,2062,1130.8328752299128,13.768178342808548,Completed,
21,Warm_Full,2024,2998,2062,1103.5279565008593,13.435734001180197,Completed,
23,Warm_Full,2024,2998,2062,1078.6416516998263,13.132736900282815,Completed,
26,Warm_Full,2024,2998,2062,1098.7156971625204,13.377143517782175,Completed,
30,Warm_Full,2024,2998,2062,1098.642722589258,13.37625503376197,Completed,
28,Warm_Full,2024,2998,2062,1080.396230628606,13.154099345730877,Completed,
19,Warm_Full,2024,2998,2062,1093.6187659113352,13.315087081323265,Completed,
32,Warm_Full,2024,2998,2062,1132.0425232170319,13.782906115217259,Completed,
15,Warm_Full,2024,2998,2062,1108.0735668478565,13.491077965178103,Completed,
33,Warm_Full,2024,2998,2062,1117.179282267359,13.601942370149603,Completed,
37,Warm_Full,2024,2998,2062,1158.4935111143375,14.104953631424754,Completed,
34,Warm_Full,2024,2998,2062,1102.5372538650777,13.423671944201743,Completed,
40,Warm_Full,2024,2998,2062,1150.7662214087172,14.010871910682512,Completed,
36,Warm_Full,2024,2998,2062,1101.012125026337,13.405103112053778,Completed,
20,Warm_Full,2024,2998,2062,1121.4815528463303,13.654323610479436,Completed,
22,Warm_Full,2024,2998,2062,1115.506034320158,13.58157015012185,Completed,
24,Warm_Full,2024,2998,2062,1108.2967832093855,13.49379568124551,Completed,
38,Warm_Full,2024,2998,2062,1127.9636123341904,13.733244336090111,Completed,
41,Warm_Full,2024,2998,2062,1148.7895701070931,13.986805677520717,Completed,
42,Warm_Full,2024,2998,2062,1085.637481258331,13.217912907389792,Completed,
25,Warm_Full,2024,2998,2062,1099.610036387866,13.388032325689379,Completed,
46,Warm_Full,2024,2998,2062,1131.5432065166456,13.776826807185943,Completed,
50,Warm_Full,2024,2998,2062,1126.2050646794494,13.711833570392415,Completed,
43,Warm_Full,2024,2998,2062,1127.0698407726745,13.722362439634653,Completed,
44,Warm_Full,2024,2998,2062,1118.4818686779747,13.61780169154104,Completed,
27,Warm_Full,2024,2998,2062,1156.5054071204875,14.080747958817463,Completed,
48,Warm_Full,2024,2998,2062,1103.5559222812594,13.43607449168103,Completed,
31,Warm_Full,2024,2998,2062,1139.8050258400726,13.877416562199812,Completed,
49,Warm_Full,2024,2998,2062,1132.1170493432369,13.783813489789813,Completed,
29,Warm_Full,2024,2998,2062,1072.28243535096,13.055311821184462,Completed,
52,Warm_Full,2024,2998,2062,1102.1537400221423,13.41900256546141,Completed,
51,Warm_Full,2024,2998,2062,1091.9047726154724,13.294218776295416,Completed,
56,Warm_Full,2024,2998,2062,1076.7322628728452,13.109489604885344,Completed,
57,Warm_Full,2024,2998,2062,1137.4479084995537,13.848718058088325,Completed,
39,Warm_Full,2024,2998,2062,1098.6268060111436,13.376061245368575,Completed,
60,Warm_Full,2024,2998,2062,1109.2178242103173,13.505009590072921,Completed,
35,Warm_Full,2024,2998,2062,1113.7214373257468,13.559842227077429,Completed,
61,Warm_Full,2024,2998,2062,1149.9671156403747,14.00114259437565,Completed,
58,Warm_Full,2024,2998,2062,1124.7349218239772,13.693934206598774,Completed,
62,Warm_Full,2024,2998,2062,1164.5215066294647,14.178346012491716,Completed,
47,Warm_Full,2024,2998,2062,1144.3850424088328,13.933179430712887,Completed,
63,Warm_Full,2024,2998,2062,1169.7216559835986,14.241659155649497,Completed,
65,Warm_Full,2024,2998,2062,1099.082922990197,13.381614585787258,Completed,
67,Warm_Full,2024,2998,2062,1088.4338266571363,13.251959125007062,Completed,
69,Warm_Full,2024,2998,2062,1092.4768650118247,13.30118414696519,Completed,
45,Warm_Full,2024,2998,2062,1094.9451259567134,13.331235852774423,Completed,
71,Warm_Full,2024,2998,2062,1114.1616809650704,13.565202305541069,Completed,
54,Warm_Full,2024,2998,2062,1148.1284223901876,13.978756035635795,Completed,
70,Warm_Full,2024,2998,2062,1111.6231088118109,13.534294542857694,Completed,
53,Warm_Full,2024,2998,2062,1111.7648545228421,13.536020333000124,Completed,
55,Warm_Full,2024,2998,2062,1094.5486977162689,13.32640923795439,Completed,
72,Warm_Full,2024,2998,2062,1126.5096537758864,13.715542020237548,Completed,
68,Warm_Full,2024,2998,2062,1115.1039800545473,13.576675037012151,Completed,
66,Warm_Full,2024,2998,2062,1164.4925875251663,14.177993915029557,Completed,
64,Warm_Full,2024,2998,2062,1099.340880652162,13.384755286038041,Completed,
59,Warm_Full,2024,2998,2062,1140.195057219998,13.882165293613383,Completed,
77,Warm_Full,2024,2998,2062,1121.8405750795685,13.658694797632313,Completed,
74,Warm_Full,2024,2998,2062,1096.255799728426,13.347193639847521,Completed,
75,Warm_Full,2024,2998,2062,1156.4302803053843,14.079833270704547,Completed,
82,Warm_Full,2024,2998,2062,1157.651795828327,14.094705533385243,Completed,
73,Warm_Full,2024,2998,2062,1064.249821724188,12.95751270391898,Completed,
78,Warm_Full,2024,2998,2062,1105.304670338799,13.457365944786293,Completed,
76,Warm_Full,2024,2998,2062,1110.2004861956818,13.51697375008414,Completed,
79,Warm_Full,2024,2998,2062,1076.6066178706833,13.107959844975156,Completed,
80,Warm_Full,2024,2998,2062,1095.1439199496976,13.333656220283045,Completed,
81,Warm_Full,2024,2998,2062,1156.7467829692064,14.083686771267653,Completed,
0,Cold_Full,2022,3817,1243,1307.5808820697148,15.97720314824041,Completed,
84,Warm_Full,2024,2998,2062,1089.1635687708506,13.260843921147991,Completed,
83,Warm_Full,2024,2998,2062,1082.9887062330706,13.185663396664921,Completed,
86,Warm_Full,2024,2998,2062,1117.2848002373778,13.603227078315957,Completed,
3,Cold_Full,2022,3817,1243,1286.1788427312333,15.715693718891533,Completed,
2,Cold_Full,2022,3817,1243,1521.227448229511,18.58772968336075,Completed,
85,Warm_Full,2024,2998,2062,1134.988148358213,13.818769851727925,Completed,
91,Warm_Full,2024,2998,2062,1094.9667036513313,13.33149856670345,Completed,
1,Cold_Full,2022,3817,1243,1356.4545492247298,16.574385716020966,Completed,
88,Warm_Full,2024,2998,2062,1080.3870190384032,13.153987192273444,Completed,
89,Warm_Full,2024,2998,2062,1097.6257071310781,13.363872611467457,Completed,
95,Warm_Full,2024,2998,2062,1142.3169308609386,13.907999645752673,Completed,
90,Warm_Full,2024,2998,2062,1104.4404944175697,13.446844382790998,Completed,
87,Warm_Full,2024,2998,2062,1113.4283470429448,13.556273778217697,Completed,
6,Cold_Full,2022,3817,1243,1405.3471702860688,17.171799879732568,Completed,
92,Warm_Full,2024,2998,2062,1113.4464318443731,13.556493965282307,Completed,
7,Cold_Full,2022,3817,1243,1443.7025704493333,17.6404607699641,Completed,
8,Cold_Full,2022,3817,1243,1384.5366697014151,16.917518404669014,Completed,
11,Cold_Full,2022,3817,1243,1464.8575413648352,17.898951294372115,Completed,
93,Warm_Full,2024,2998,2062,1113.2001368162573,13.553495260569767,Completed,
99,Warm_Full,2024,2998,2062,1102.196126143706,13.41951862728958,Completed,
14,Cold_Full,2022,3817,1243,1647.6424423736778,20.13238215581659,Completed,
94,Warm_Full,2024,2998,2062,1107.5838861092302,13.485115977436038,Completed,
97,Warm_Full,2024,2998,2062,1081.764155298911,13.170754177079369,Completed,
4,Cold_Full,2022,3817,1243,1325.3324708255018,16.194108078286725,Completed,
12,Cold_Full,2022,3817,1243,1276.4364796147486,15.596652735048439,Completed,
96,Warm_Full,2024,2998,2062,1141.335359381861,13.896048762933312,Completed,
13,Cold_Full,2022,3817,1243,1412.8374770260791,17.263323206563676,Completed,
15,Cold_Full,2022,3817,1243,1400.6003683871163,17.11379917072558,Completed,
18,Cold_Full,2022,3817,1243,1361.7623211253897,16.639240862715322,Completed,
16,Cold_Full,2022,3817,1243,1330.1414581124134,16.252868624478463,Completed,
21,Cold_Full,2022,3817,1243,1444.9002336062017,17.655094899158588,Completed,
22,Cold_Full,2022,3817,1243,1705.6078057900427,20.8406552726573,Completed,
23,Cold_Full,2022,3817,1243,1534.009824388353,18.743916289793678,Completed,
5,Cold_Full,2022,3817,1243,1442.1351790053757,17.6213089669236,Completed,
98,Warm_Full,2024,2998,2062,1132.5946598244577,13.789628519072988,Completed,
19,Cold_Full,2022,3817,1243,1398.9224585227394,17.093296953895102,Completed,
26,Cold_Full,2022,3817,1243,1570.9780212788812,19.19562707865838,Completed,
20,Cold_Full,2022,3817,1243,1200.712502041399,14.671388845470016,Completed,
34,Cold_Full,2022,3817,1243,1395.4079681733378,17.05035373941032,Completed,
29,Cold_Full,2022,3817,1243,1322.9072647346825,16.16447472181853,Completed,
38,Cold_Full,2022,3817,1243,1122.2479653623252,13.712638331719937,Completed,
33,Cold_Full,2022,3817,1243,1682.9236373667127,20.563479633185754,Completed,
31,Cold_Full,2022,3817,1243,1446.8300306448834,17.678674900781957,Completed,
17,Cold_Full,2022,3817,1243,1272.571543018398,15.549427452083748,Completed,
40,Cold_Full,2022,3817,1243,1507.0736276128252,18.414785530981742,Completed,
35,Cold_Full,2022,3817,1243,1440.1264144273016,17.59676406864543,Completed,
27,Cold_Full,2022,3817,1243,1627.2916754956861,19.883718122034228,Completed,
39,Cold_Full,2022,3817,1243,1212.0651549527315,14.810105803115281,Completed,
36,Cold_Full,2022,3817,1243,1298.2873128863714,15.863645933653828,Completed,
44,Cold_Full,2022,3817,1243,1608.6917179433808,19.656447056483433,Completed,
24,Cold_Full,2022,3817,1243,1209.4377304429086,14.778001559526418,Completed,
9,Cold_Full,2022,3817,1243,1419.9099762909823,17.34974138464401,Completed,
37,Cold_Full,2022,3817,1243,1455.4025417663988,17.783421577302803,Completed,
42,Cold_Full,2022,3817,1243,1808.941431517436,22.103278757697502,Completed,
46,Cold_Full,2022,3817,1243,1508.9368821633154,18.437552456437963,Completed,
49,Cold_Full,2022,3817,1243,1413.9868891852852,17.27736776152813,Completed,
51,Cold_Full,2022,3817,1243,1306.5429031471172,15.964520185115646,Completed,
48,Cold_Full,2022,3817,1243,1351.7215157093567,16.516553241548834,Completed,
53,Cold_Full,2022,3817,1243,1406.3064322194707,17.18352100765092,Completed,
54,Cold_Full,2022,3817,1243,1500.369831972625,18.332872506497754,Completed,
57,Cold_Full,2022,3817,1243,1508.914156858015,18.437274778151007,Completed,
28,Cold_Full,2022,3817,1243,1633.5910764738258,19.960689887620653,Completed,
10,Cold_Full,2022,3817,1243,1403.7719029886061,17.15255184240695,Completed,
47,Cold_Full,2022,3817,1243,1499.0737506003431,18.317035814736997,Completed,
45,Cold_Full,2022,3817,1243,1257.6144022121541,15.366667608730932,Completed,
55,Cold_Full,2022,3817,1243,1466.2444729355925,17.91589807583899,Completed,
60,Cold_Full,2022,3817,1243,1531.7821024227694,18.716695972572772,Completed,
32,Cold_Full,2022,3817,1243,1303.8362712321248,15.931448113975472,Completed,
63,Cold_Full,2022,3817,1243,1409.4593790753202,17.222046557482894,Completed,
62,Cold_Full,2022,3817,1243,1417.0135217127322,17.314349888912513,Completed,
52,Cold_Full,2022,3817,1243,1512.1460295342024,18.47676471487673,Completed,
61,Cold_Full,2022,3817,1243,1395.0389245324736,17.045844431189693,Completed,
58,Cold_Full,2022,3817,1243,1496.8243644758554,18.289550785273363,Completed,
66,Cold_Full,2022,3817,1243,1383.907131169417,16.909826134803872,Completed,
64,Cold_Full,2022,3817,1243,1243.3263684677274,15.192083519246328,Completed,
43,Cold_Full,2022,3817,1243,1552.3441989676612,18.967942222924382,Completed,
65,Cold_Full,2022,3817,1243,1294.1849210527594,15.813519208326094,Completed,
73,Cold_Full,2022,3817,1243,1458.1197858567932,17.816623317578227,Completed,
70,Cold_Full,2022,3817,1243,1535.3425881961211,18.760201200652595,Completed,
72,Cold_Full,2022,3817,1243,1391.9678762714477,17.008319592292693,Completed,
71,Cold_Full,2022,3817,1243,1579.3447688045662,19.297859549889008,Completed,
77,Cold_Full,2022,3817,1243,1320.351464637066,16.133245649930235,Completed,
25,Cold_Full,2022,3817,1243,1279.9905091104251,15.640079074501628,Completed,
67,Cold_Full,2022,3817,1243,1383.1578423354174,16.90067064768894,Completed,
80,Cold_Full,2022,3817,1243,1675.868519551271,20.477273837339567,Completed,
50,Cold_Full,2022,3817,1243,1176.1483938127785,14.371242405042702,Completed,
82,Cold_Full,2022,3817,1243,1491.2369911610463,18.221279216195,Completed,
74,Cold_Full,2022,3817,1243,1407.9054626223412,17.203059404041696,Completed,
59,Cold_Full,2022,3817,1243,1254.2889362510443,15.326034064793589,Completed,
75,Cold_Full,2022,3817,1243,1300.1666299805256,15.88660912576301,Completed,
79,Cold_Full,2022,3817,1243,1344.510796905913,16.428446172420458,Completed,
68,Cold_Full,2022,3817,1243,1330.8375771126691,16.26137443458547,Completed,
84,Cold_Full,2022,3817,1243,1449.3133334887275,17.70901813580379,Completed,
30,Cold_Full,2022,3817,1243,1340.7041591657442,16.381933237488152,Completed,
76,Cold_Full,2022,3817,1243,1462.1345132846395,17.86567888008996,Completed,
86,Cold_Full,2022,3817,1243,1650.766327372974,20.17055260166044,Completed,
87,Cold_Full,2022,3817,1243,1519.1368873655756,18.562185324250827,Completed,
85,Cold_Full,2022,3817,1243,1538.8074882810038,18.802538476536366,Completed,
90,Cold_Full,2022,3817,1243,1465.4638933352962,17.90636024990537,Completed,
91,Cold_Full,2022,3817,1243,1628.5692420050818,19.89932858249285,Completed,
83,Cold_Full,2022,3817,1243,1524.1214194134238,18.62309083473927,Completed,
92,Cold_Full,2022,3817,1243,1508.0734238722555,18.42700194387276,Completed,
93,Cold_Full,2022,3817,1243,1596.1594662727218,19.503316696753746,Completed,
41,Cold_Full,2022,3817,1243,1351.1574005341213,16.509660373293165,Completed,
78,Cold_Full,2022,3817,1243,1432.8914743074374,17.50836104161627,Completed,
95,Cold_Full,2022,3817,1243,1435.8399076963606,17.544387661361057,Completed,
1,Cold_Full,2023,3305,1755,1443.8714749168228,18.020461486716986,Completed,
69,Cold_Full,2022,3817,1243,1368.8565784681264,16.725924900624616,Completed,
88,Cold_Full,2022,3817,1243,1542.0646832944242,18.842337824428697,Completed,
5,Cold_Full,2023,3305,1755,1761.6283726105992,21.986275644351224,Completed,
98,Cold_Full,2022,3817,1243,1235.2611355510617,15.093535225588594,Completed,
3,Cold_Full,2023,3305,1755,1620.6946462816084,20.227330453168335,Completed,
96,Cold_Full,2022,3817,1243,1348.7838304876448,16.480657952609935,Completed,
2,Cold_Full,2023,3305,1755,1659.8787906457583,20.716374233498435,Completed,
7,Cold_Full,2023,3305,1755,1530.9789434005531,19.107619733337863,Completed,
11,Cold_Full,2023,3305,1755,1628.8650228388444,20.329302102750326,Completed,
6,Cold_Full,2023,3305,1755,1601.7077584101332,19.990361659487967,Completed,
97,Cold_Full,2022,3817,1243,1387.19898920962,16.95004902683656,Completed,
4,Cold_Full,2023,3305,1755,1256.0809408430282,15.676712651979615,Completed,
12,Cold_Full,2023,3305,1755,1662.7993624800845,20.752824882447435,Completed,
8,Cold_Full,2023,3305,1755,1580.251554491816,19.72257418457892,Completed,
16,Cold_Full,2023,3305,1755,1786.8721950389975,22.3013350784845,Completed,
0,Cold_Full,2023,3305,1755,1585.9052495040446,19.79313600049912,Completed,
19,Cold_Full,2023,3305,1755,1561.7633578690345,19.491829384236578,Completed,
9,Cold_Full,2023,3305,1755,1467.7207918563322,18.31811657919514,Completed,
99,Cold_Full,2022,3817,1243,1406.8120312179005,17.18969887245472,Completed,
89,Cold_Full,2022,3817,1243,1460.079883806182,17.840573563071466,Completed,
17,Cold_Full,2023,3305,1755,1618.8200139782991,20.20393381447133,Completed,
18,Cold_Full,2023,3305,1755,1335.679772707179,16.670158196762763,Completed,
22,Cold_Full,2023,3305,1755,1889.9991641232712,23.5884271825321,Completed,
81,Cold_Full,2022,3817,1243,1472.6889560062968,17.994642585351134,Completed,
21,Cold_Full,2023,3305,1755,1524.3441096143104,19.024812663046067,Completed,
14,Cold_Full,2023,3305,1755,1612.6210842626724,20.126567112420684,Completed,
56,Cold_Full,2022,3817,1243,1416.504394895562,17.308128918035923,Completed,
26,Cold_Full,2023,3305,1755,1673.6024360879385,20.887654315170813,Completed,
24,Cold_Full,2023,3305,1755,1668.431682115856,20.82311991967237,Completed,
33,Cold_Full,2023,3305,1755,1569.6182452616822,19.58986352245505,Completed,
34,Cold_Full,2023,3305,1755,1619.0695518490172,20.207048210500943,Completed,
13,Cold_Full,2023,3305,1755,1706.2240902520514,21.294793920537185,Completed,
94,Cold_Full,2022,3817,1243,1610.857308272195,19.68290819330012,Completed,
25,Cold_Full,2023,3305,1755,1521.2926992295138,18.986729063311152,Completed,
35,Cold_Full,2023,3305,1755,1969.7613204177178,24.58391112315388,Completed,
23,Cold_Full,2023,3305,1755,1576.4178903657223,19.67472754591514,Completed,
27,Cold_Full,2023,3305,1755,1304.0590061095215,16.27551032362961,Completed,
32,Cold_Full,2023,3305,1755,1708.2490747162085,21.320067052655574,Completed,
28,Cold_Full,2023,3305,1755,1424.2556709785365,17.775643408694325,Completed,
29,Cold_Full,2023,3305,1755,1367.5314802387081,17.067688363975993,Completed,
10,Cold_Full,2023,3305,1755,1388.2294283692736,17.32601231013083,Completed,
15,Cold_Full,2023,3305,1755,1104.741511156188,13.787897469000448,Completed,
40,Cold_Full,2023,3305,1755,1679.9419697841336,20.966775846969625,Completed,
38,Cold_Full,2023,3305,1755,1758.920285827531,21.95247694798195,Completed,
43,Cold_Full,2023,3305,1755,1676.6559566255983,20.925764250995236,Completed,
49,Cold_Full,2023,3305,1755,1729.1936764365357,21.581469397124998,Completed,
20,Cold_Full,2023,3305,1755,1302.499836411137,16.256050864814128,Completed,
42,Cold_Full,2023,3305,1755,1355.5447842625422,16.918086549033337,Completed,
39,Cold_Full,2023,3305,1755,1711.281278283913,21.357910938736122,Completed,
41,Cold_Full,2023,3305,1755,1638.7506129613191,20.452680740787194,Completed,
44,Cold_Full,2023,3305,1755,1766.747849128273,22.050170063641005,Completed,
54,Cold_Full,2023,3305,1755,1519.731652791312,18.96724618155382,Completed,
46,Cold_Full,2023,3305,1755,1402.4410470499029,17.503382617354983,Completed,
36,Cold_Full,2023,3305,1755,1545.72989948589,19.291721324543122,Completed,
60,Cold_Full,2023,3305,1755,1699.6093698751406,21.21223787876457,Completed,
52,Cold_Full,2023,3305,1755,1807.5937673900414,22.559953870380586,Completed,
47,Cold_Full,2023,3305,1755,1563.1552623011887,19.50920126300042,Completed,
48,Cold_Full,2023,3305,1755,1447.7365865598063,18.06870061098409,Completed,
57,Cold_Full,2023,3305,1755,1839.9443382631648,22.963710178763925,Completed,
59,Cold_Full,2023,3305,1755,1603.8379000656969,20.01694722221442,Completed,
37,Cold_Full,2023,3305,1755,1432.7633231737116,17.881824479093524,Completed,
30,Cold_Full,2023,3305,1755,1352.191302239034,16.87623289744395,Completed,
62,Cold_Full,2023,3305,1755,1814.869907029205,22.650764857658437,Completed,
45,Cold_Full,2023,3305,1755,1419.7826741706726,17.719817479512532,Completed,
64,Cold_Full,2023,3305,1755,1754.995711940985,21.90349569597796,Completed,
67,Cold_Full,2023,3305,1755,1605.515609428535,20.037886133664742,Completed,
65,Cold_Full,2023,3305,1755,1507.298993079157,18.812078447158864,Completed,
73,Cold_Full,2023,3305,1755,1775.409457328147,22.158272605792728,Completed,
58,Cold_Full,2023,3305,1755,1346.4826145863467,16.804984737360396,Completed,
72,Cold_Full,2023,3305,1755,1770.6677909198088,22.099093504066072,Completed,
68,Cold_Full,2023,3305,1755,1414.7981541401682,17.657607405555186,Completed,
50,Cold_Full,2023,3305,1755,1345.386366654976,16.791302845328907,Completed,
51,Cold_Full,2023,3305,1755,1251.8681854133908,15.624134705610041,Completed,
81,Cold_Full,2023,3305,1755,1798.987803636711,22.452545807358977,Completed,
75,Cold_Full,2023,3305,1755,1697.870984211074,21.190541687342698,Completed,
77,Cold_Full,2023,3305,1755,1527.8190129963368,19.068181732699223,Completed,
80,Cold_Full,2023,3305,1755,1459.4052827831492,18.21433358077807,Completed,
66,Cold_Full,2023,3305,1755,1670.6929823109572,20.851342426857837,Completed,
56,Cold_Full,2023,3305,1755,1207.0835874573272,15.065193597148957,Completed,
55,Cold_Full,2023,3305,1755,1364.9901762953252,17.035971226659175,Completed,
71,Cold_Full,2023,3305,1755,1551.0154484410978,19.35768843660132,Completed,
82,Cold_Full,2023,3305,1755,1714.2423947716693,21.394867611509483,Completed,
76,Cold_Full,2023,3305,1755,1532.1967666228543,19.12281896461042,Completed,
31,Cold_Full,2023,3305,1755,1348.6110196240961,16.83154862595935,Completed,
83,Cold_Full,2023,3305,1755,1624.5911274952205,20.275961090218395,Completed,
84,Cold_Full,2023,3305,1755,1579.8390700715167,19.71742610890944,Completed,
70,Cold_Full,2023,3305,1755,1378.2847836246328,17.20189663173902,Completed,
88,Cold_Full,2023,3305,1755,1530.7147863429389,19.104322880282812,Completed,
63,Cold_Full,2023,3305,1755,1310.265524095419,16.35297173226221,Completed,
79,Cold_Full,2023,3305,1755,1577.3012549200037,19.685752513999695,Completed,
85,Cold_Full,2023,3305,1755,1502.8034625684913,18.755971282610524,Completed,
96,Cold_Full,2023,3305,1755,1623.8587753661056,20.266820856086273,Completed,
53,Cold_Full,2023,3305,1755,1120.2268876863066,13.981165108271728,Completed,
95,Cold_Full,2023,3305,1755,1557.251676385852,19.435520644975206,Completed,
98,Cold_Full,2023,3305,1755,1720.6266519802882,21.474547322029313,Completed,
69,Cold_Full,2023,3305,1755,1433.8888059109818,17.89587124064625,Completed,
97,Cold_Full,2023,3305,1755,1677.6671953348728,20.938385172269,Completed,
91,Cold_Full,2023,3305,1755,1125.6389964977013,14.048711770209405,Completed,
87,Cold_Full,2023,3305,1755,1439.8302502662846,17.970024356792806,Completed,
61,Cold_Full,2023,3305,1755,1528.7184235574218,19.079406965455977,Completed,
99,Cold_Full,2023,3305,1755,1605.7290925340646,20.040550542615325,Completed,
94,Cold_Full,2023,3305,1755,1502.9007481850638,18.75718547081017,Completed,
93,Cold_Full,2023,3305,1755,1635.8546187510456,20.416536836680358,Completed,
74,Cold_Full,2023,3305,1755,1457.2928585628522,18.187969143245528,Completed,
89,Cold_Full,2023,3305,1755,1196.8624691034759,14.937627347073018,Completed,
78,Cold_Full,2023,3305,1755,1425.1424613291235,17.786711132960065,Completed,
4,Cold_Full,2024,2998,2062,1203.3934450169818,14.65162176523386,Completed,
0,Cold_Full,2024,2998,2062,1252.0104607113215,15.24354631680714,Completed,
90,Cold_Full,2023,3305,1755,1633.064865676373,20.38171889151493,Completed,
86,Cold_Full,2023,3305,1755,1482.3385756986745,18.50055609360362,Completed,
9,Cold_Full,2024,2998,2062,1375.0911706689733,16.74208531613709,Completed,
11,Cold_Full,2024,2998,2062,1326.4262089212898,16.149577009149784,Completed,
1,Cold_Full,2024,2998,2062,1307.5338709738446,15.919557981696103,Completed,
7,Cold_Full,2024,2998,2062,1406.7433094198693,17.127458169013387,Completed,
8,Cold_Full,2024,2998,2062,1446.4129004064462,17.61044554535617,Completed,
13,Cold_Full,2024,2998,2062,1373.3509784460102,16.720898032497452,Completed,
92,Cold_Full,2023,3305,1755,1380.466115695868,17.2291210843737,Completed,
19,Cold_Full,2024,2998,2062,1520.0668424126573,18.507201053093084,Completed,
14,Cold_Full,2024,2998,2062,1065.1008587756796,12.967874296828006,Completed,
3,Cold_Full,2024,2998,2062,1288.2225702835924,15.684437976115317,Completed,
2,Cold_Full,2024,2998,2062,1177.5672918652838,14.337181771234771,Completed,
5,Cold_Full,2024,2998,2062,1276.7914317500895,15.545260952314502,Completed,
6,Cold_Full,2024,2998,2062,1319.2658146623332,16.062397384890904,Completed,
15,Cold_Full,2024,2998,2062,1812.2699143049836,22.0648478939776,Completed,
10,Cold_Full,2024,2998,2062,1322.6268938723836,16.10331938052962,Completed,
12,Cold_Full,2024,2998,2062,1447.6211638551208,17.6251564606566,Completed,
16,Cold_Full,2024,2998,2062,1321.367659515619,16.087987881438032,Completed,
24,Cold_Full,2024,2998,2062,1186.4275513308903,14.445057687436117,Completed,
20,Cold_Full,2024,2998,2062,1515.6388528520117,18.453289152133653,Completed,
29,Cold_Full,2024,2998,2062,1269.4631704307778,15.456037503830592,Completed,
30,Cold_Full,2024,2998,2062,1255.678076491977,15.288200473285125,Completed,
17,Cold_Full,2024,2998,2062,1209.7762240141556,14.729333725578092,Completed,
18,Cold_Full,2024,2998,2062,1126.92804711567,13.720636065737784,Completed,
32,Cold_Full,2024,2998,2062,1282.4480326281105,15.614131509059542,Completed,
34,Cold_Full,2024,2998,2062,1370.4747655757687,16.685879408068697,Completed,
38,Cold_Full,2024,2998,2062,1255.033672300697,15.280354688090213,Completed,
21,Cold_Full,2024,2998,2062,1267.3978455079712,15.43089164674073,Completed,
25,Cold_Full,2024,2998,2062,1139.42994373542,13.87284984202111,Completed,
37,Cold_Full,2024,2998,2062,1343.4091473182875,16.35634861064506,Completed,
22,Cold_Full,2024,2998,2062,1518.9999442217081,18.49421129581916,Completed,
23,Cold_Full,2024,2998,2062,1191.8572472813614,14.511165618882762,Completed,
26,Cold_Full,2024,2998,2062,1255.4399170666748,15.285300821609438,Completed,
36,Cold_Full,2024,2998,2062,1523.6156126434462,18.550408234724777,Completed,
27,Cold_Full,2024,2998,2062,1163.18447136615,14.162067267542602,Completed,
41,Cold_Full,2024,2998,2062,1312.0296454506422,15.974295181278325,Completed,
28,Cold_Full,2024,2998,2062,1340.47348634262,16.32060619038796,Completed,
35,Cold_Full,2024,2998,2062,1484.2272104123497,18.0708444031146,Completed,
42,Cold_Full,2024,2998,2062,1376.484092326666,16.759044492175175,Completed,
40,Cold_Full,2024,2998,2062,1275.7228553651776,15.532250762601551,Completed,
39,Cold_Full,2024,2998,2062,1348.0574464965937,16.41294283732479,Completed,
47,Cold_Full,2024,2998,2062,1333.5798938194114,16.23667494523125,Completed,
31,Cold_Full,2024,2998,2062,1519.860496262071,18.5046887361417,Completed,
44,Cold_Full,2024,2998,2062,1296.2110603501483,15.78169987779441,Completed,
51,Cold_Full,2024,2998,2062,1255.990178668177,15.292000396790378,Completed,
48,Cold_Full,2024,2998,2062,1312.984495876586,15.985920728468422,Completed,
33,Cold_Full,2024,2998,2062,1175.9106733573335,14.317012018866352,Completed,
43,Cold_Full,2024,2998,2062,1434.6321523383313,17.467011936406195,Completed,
57,Cold_Full,2024,2998,2062,1466.3494789923866,17.85317846861049,Completed,
53,Cold_Full,2024,2998,2062,1470.1917689901202,17.89995932818077,Completed,
60,Cold_Full,2024,2998,2062,1331.026560564105,16.20558746236997,Completed,
50,Cold_Full,2024,2998,2062,1222.4597563747313,14.883758963278835,Completed,
64,Cold_Full,2024,2998,2062,1331.614235529409,16.212742554786487,Completed,
59,Cold_Full,2024,2998,2062,1580.02215542863,19.237172263060774,Completed,
68,Cold_Full,2024,2998,2062,1324.4483524909674,16.125496103239076,Completed,
45,Cold_Full,2024,2998,2062,1118.8955537529994,13.622838412718377,Completed,
65,Cold_Full,2024,2998,2062,1221.2346842982877,14.868843398653208,Completed,
54,Cold_Full,2024,2998,2062,1482.9986947267228,18.055886911669887,Completed,
52,Cold_Full,2024,2998,2062,1104.984710725706,13.453470354985134,Completed,
55,Cold_Full,2024,2998,2062,1335.1734431957602,16.25607681485516,Completed,
58,Cold_Full,2024,2998,2062,1462.7745595767667,17.80965291399181,Completed,
56,Cold_Full,2024,2998,2062,1351.3324364005518,16.452816673730037,Completed,
46,Cold_Full,2024,2998,2062,1502.8677094498798,18.297797227682498,Completed,
61,Cold_Full,2024,2998,2062,1452.0430731674744,17.678994333044095,Completed,
71,Cold_Full,2024,2998,2062,1309.3066422136437,15.941141923165434,Completed,
62,Cold_Full,2024,2998,2062,1212.8715593686443,14.767020222075407,Completed,
49,Cold_Full,2024,2998,2062,1219.0507051072318,14.842252895619481,Completed,
75,Cold_Full,2024,2998,2062,1246.9476749758985,15.181905610701424,Completed,
74,Cold_Full,2024,2998,2062,1084.1329016602658,13.199594267482102,Completed,
63,Cold_Full,2024,2998,2062,1378.3288634555474,16.78150505063651,Completed,
84,Cold_Full,2024,2998,2062,1260.705198832209,15.349406968468916,Completed,
77,Cold_Full,2024,2998,2062,1287.4200854597545,15.674667518946967,Completed,
70,Cold_Full,2024,2998,2062,1281.830861886775,15.606617298055603,Completed,
72,Cold_Full,2024,2998,2062,1186.814765269543,14.449772115784432,Completed,
66,Cold_Full,2024,2998,2062,1107.2217598046261,13.4807069974235,Completed,
69,Cold_Full,2024,2998,2062,1232.5054738745414,15.006068133049599,Completed,
86,Cold_Full,2024,2998,2062,1474.2151939456257,17.94894555200721,Completed,
67,Cold_Full,2024,2998,2062,1352.2705444584526,16.464238378323987,Completed,
73,Cold_Full,2024,2998,2062,1257.6275900446794,15.311936297440285,Completed,
91,Cold_Full,2024,2998,2062,1243.898354903147,15.144779361981946,Completed,
80,Cold_Full,2024,2998,2062,1584.4460914844685,19.291034811566522,Completed,
78,Cold_Full,2024,2998,2062,1367.6139265693944,16.651047964349114,Completed,
92,Cold_Full,2024,2998,2062,1279.5024058753918,15.578267752928,Completed,
76,Cold_Full,2024,2998,2062,1324.2910407433164,16.123580792635252,Completed,
79,Cold_Full,2024,2998,2062,1163.839208098598,14.170038854058511,Completed,
85,Cold_Full,2024,2998,2062,1425.0090742878235,17.349848509600783,Completed,
90,Cold_Full,2024,2998,2062,1357.5075971597278,16.528000829134577,Completed,
82,Cold_Full,2024,2998,2062,1283.0443738572849,15.621392115446472,Completed,
96,Cold_Full,2024,2998,2062,1348.6792948158259,16.420513999031265,Completed,
94,Cold_Full,2024,2998,2062,1600.7195985242927,19.48916890555605,Completed,
81,Cold_Full,2024,2998,2062,1612.395935470277,19.631331282494685,Completed,
95,Cold_Full,2024,2998,2062,1184.5553971811792,14.422263733720179,Completed,
87,Cold_Full,2024,2998,2062,1533.8032093221555,18.674444819643266,Completed,
89,Cold_Full,2024,2998,2062,1374.527163871603,16.73521838969478,Completed,
83,Cold_Full,2024,2998,2062,1287.6630922002885,15.677626187920485,Completed,
0,Warm_Common,2022,3817,1243,1756.4999995901,21.46250202045931,Completed,
1,Warm_Common,2022,3817,1243,1726.8848802809107,21.100637768732614,Completed,
2,Warm_Common,2022,3817,1243,1717.822071930536,20.989900198236544,Completed,
4,Warm_Common,2022,3817,1243,1741.919211307034,21.284340791846603,Completed,
6,Warm_Common,2022,3817,1243,1776.513442360151,21.707044323897286,Completed,
88,Cold_Full,2024,2998,2062,1274.2956823580785,15.514874567658698,Completed,
3,Warm_Common,2022,3817,1243,1777.4477971074693,21.7184611133404,Completed,
5,Warm_Common,2022,3817,1243,1667.4072733115213,20.373886695547018,Completed,
98,Cold_Full,2024,2998,2062,1424.0816055479168,17.33855634141384,Completed,
7,Warm_Common,2022,3817,1243,1818.6500033936375,22.221906849674376,Completed,
9,Warm_Common,2022,3817,1243,1671.7372430728874,20.42679417335717,Completed,
10,Warm_Common,2022,3817,1243,1703.1486203451948,20.81060672577939,Completed,
11,Warm_Common,2022,3817,1243,1729.6723464706247,21.13469754598434,Completed,
12,Warm_Common,2022,3817,1243,1775.7132657023817,21.697267043431527,Completed,
93,Cold_Full,2024,2998,2062,1508.4782792340654,18.36610734413338,Completed,
97,Cold_Full,2024,2998,2062,1259.181942815614,15.330860938407692,Completed,
13,Warm_Common,2022,3817,1243,1725.9582996633667,21.089315970622284,Completed,
14,Warm_Common,2022,3817,1243,1782.3878252413097,21.77882283484818,Completed,
18,Warm_Common,2022,3817,1243,1860.9966293666332,22.739336138440187,Completed,
8,Warm_Common,2022,3817,1243,1656.7063728264231,20.24313343717198,Completed,
15,Warm_Common,2022,3817,1243,1706.161736357143,20.84742369618042,Completed,
16,Warm_Common,2022,3817,1243,1817.1437778729805,22.203502427079492,Completed,
99,Cold_Full,2024,2998,2062,1498.0393711199947,18.239010978466172,Completed,
19,Warm_Common,2022,3817,1243,1687.4273869861722,20.618510510117066,Completed,
22,Warm_Common,2022,3817,1243,1708.691339945407,20.878332675478312,Completed,
20,Warm_Common,2022,3817,1243,1725.5174077133038,21.08392875492559,Completed,
21,Warm_Common,2022,3817,1243,1671.6349890233935,20.425544741108737,Completed,
17,Warm_Common,2022,3817,1243,1629.468606569032,19.91031783030123,Completed,
27,Warm_Common,2022,3817,1243,1734.4984143739466,21.19366679856054,Completed,
23,Warm_Common,2022,3817,1243,1689.2856056492444,20.64121590255655,Completed,
26,Warm_Common,2022,3817,1243,1768.0445893171911,21.603564235318913,Completed,
25,Warm_Common,2022,3817,1243,1725.1540559398752,21.079488995077504,Completed,
24,Warm_Common,2022,3817,1243,1697.58333905955,20.74260509704871,Completed,
28,Warm_Common,2022,3817,1243,1717.6140235123523,20.987358074925037,Completed,
29,Warm_Common,2022,3817,1243,1712.1096398750046,20.920100548613892,Completed,
30,Warm_Common,2022,3817,1243,1705.4587979106589,20.838834559925683,Completed,
33,Warm_Common,2022,3817,1243,1725.619022324369,21.08517037393829,Completed,
36,Warm_Common,2022,3817,1243,1697.1274824620507,20.73703502978588,Completed,
34,Warm_Common,2022,3817,1243,1723.8188561372062,21.063174319034697,Completed,
32,Warm_Common,2022,3817,1243,1761.2511118663888,21.520555397546172,Completed,
40,Warm_Common,2022,3817,1243,1897.4083850319005,23.184247826294808,Completed,
38,Warm_Common,2022,3817,1243,1714.4169017380427,20.94829275607688,Completed,
35,Warm_Common,2022,3817,1243,1722.342549658145,21.04513547428829,Completed,
48,Warm_Common,2022,3817,1243,1746.6417392469648,21.342044899717994,Completed,
31,Warm_Common,2022,3817,1243,1646.556423527538,20.11911219755586,Completed,
37,Warm_Common,2022,3817,1243,1754.8958513373027,21.442901089559903,Completed,
47,Warm_Common,2022,3817,1243,1696.2973985739338,20.726892315792135,Completed,
51,Warm_Common,2022,3817,1243,1789.696369782244,21.868125227112927,Completed,
41,Warm_Common,2022,3817,1243,1705.6962750556852,20.841736269977567,Completed,
46,Warm_Common,2022,3817,1243,1706.6894681249496,20.853871999132572,Completed,
49,Warm_Common,2022,3817,1243,1680.4114874154795,20.532783918174868,Completed,
52,Warm_Common,2022,3817,1243,1710.6649879831277,20.90244848817808,Completed,
42,Warm_Common,2022,3817,1243,1696.6789095582606,20.731553961265433,Completed,
39,Warm_Common,2022,3817,1243,1784.3641582296868,21.802971454697907,Completed,
53,Warm_Common,2022,3817,1243,1712.7651865072482,20.928110608916946,Completed,
54,Warm_Common,2022,3817,1243,1723.6362809693626,21.060943450882323,Completed,
44,Warm_Common,2022,3817,1243,1700.1121657660112,20.77350458370369,Completed,
43,Warm_Common,2022,3817,1243,1734.5213956227935,21.193947604196705,Completed,
57,Warm_Common,2022,3817,1243,1780.414576600006,21.754711902334243,Completed,
58,Warm_Common,2022,3817,1243,1749.9887495906119,21.382941692362333,Completed,
45,Warm_Common,2022,3817,1243,1657.8942932958792,20.257648521420084,Completed,
61,Warm_Common,2022,3817,1243,1750.6497550029762,21.391018452966783,Completed,
60,Warm_Common,2022,3817,1243,1747.3512545453877,21.350714397884516,Completed,
63,Warm_Common,2022,3817,1243,1711.4716728432084,20.912305291732533,Completed,
50,Warm_Common,2022,3817,1243,1699.2010908937032,20.762372248780682,Completed,
56,Warm_Common,2022,3817,1243,1716.2822069950175,20.971084738915447,Completed,
66,Warm_Common,2022,3817,1243,1689.6998320310856,20.646277294278306,Completed,
55,Warm_Common,2022,3817,1243,1694.4957097777735,20.704877656277844,Completed,
68,Warm_Common,2022,3817,1243,1738.5048707575836,21.242621297990517,Completed,
64,Warm_Common,2022,3817,1243,1680.2577974782675,20.530905995835724,Completed,
67,Warm_Common,2022,3817,1243,1712.678231660911,20.927048116138334,Completed,
72,Warm_Common,2022,3817,1243,1718.9931251581056,21.004209183302667,Completed,
59,Warm_Common,2022,3817,1243,1677.4475369574418,20.496567696877392,Completed,
71,Warm_Common,2022,3817,1243,1751.598948996367,21.402616561709003,Completed,
75,Warm_Common,2022,3817,1243,1707.796507685471,20.867398807450225,Completed,
76,Warm_Common,2022,3817,1243,1772.552327102485,21.658643843259217,Completed,
65,Warm_Common,2022,3817,1243,1692.8154576237393,20.6843468192387,Completed,
70,Warm_Common,2022,3817,1243,1676.0543707642084,20.47954473516712,Completed,
69,Warm_Common,2022,3817,1243,1689.130659671805,20.63932263278448,Completed,
79,Warm_Common,2022,3817,1243,1720.9091517688514,21.027620925411398,Completed,
78,Warm_Common,2022,3817,1243,1670.8916962981602,20.416462519861465,Completed,
62,Warm_Common,2022,3817,1243,1803.4709930703589,22.036436004352446,Completed,
83,Warm_Common,2022,3817,1243,1758.1019738663663,21.482076387751718,Completed,
86,Warm_Common,2022,3817,1243,1698.2969221822946,20.751324299563507,Completed,
74,Warm_Common,2022,3817,1243,1769.5539852555758,21.622007396938507,Completed,
73,Warm_Common,2022,3817,1243,1682.148603328799,20.554009567937516,Completed,
85,Warm_Common,2022,3817,1243,1719.1250470052767,21.005821123474664,Completed,
80,Warm_Common,2022,3817,1243,1684.304432235903,20.580351430895263,Completed,
77,Warm_Common,2022,3817,1243,1694.4361580891793,20.704150000008514,Completed,
87,Warm_Common,2022,3817,1243,1718.4456435822146,20.997519559373565,Completed,
88,Warm_Common,2022,3817,1243,1761.9795523190176,21.529456140324413,Completed,
90,Warm_Common,2022,3817,1243,1711.6796458766833,20.914846493925644,Completed,
91,Warm_Common,2022,3817,1243,1864.0901061294412,22.77713502901093,Completed,
92,Warm_Common,2022,3817,1243,1733.4954606128417,21.1814118044648,Completed,
96,Warm_Common,2022,3817,1243,1722.7039970218445,21.049551964339813,Completed,
82,Warm_Common,2022,3817,1243,1686.4304710120764,20.606329291151365,Completed,
84,Warm_Common,2022,3817,1243,1768.7163432424284,21.611772330952856,Completed,
99,Warm_Common,2022,3817,1243,1740.0193883547306,21.261127040658536,Completed,
81,Warm_Common,2022,3817,1243,1657.6750506472888,20.254969616900052,Completed,
97,Warm_Common,2022,3817,1243,1749.9913899232138,21.38297395432864,Completed,
0,Warm_Common,2023,3305,1755,1706.2615495426571,21.295261437013135,Completed,
3,Warm_Common,2023,3305,1755,1731.1047460993286,21.605320797928364,Completed,
4,Warm_Common,2023,3305,1755,1719.5370878345739,21.46094884801951,Completed,
6,Warm_Common,2023,3305,1755,1733.8544308584333,21.63963866427787,Completed,
8,Warm_Common,2023,3305,1755,1680.5893000299152,20.97485495232349,Completed,
7,Warm_Common,2023,3305,1755,1755.7411430908267,21.91279916485319,Completed,
94,Warm_Common,2022,3817,1243,1739.4889093029149,21.254645168911278,Completed,
93,Warm_Common,2022,3817,1243,1780.4141919142564,21.754707201896622,Completed,
89,Warm_Common,2022,3817,1243,1735.2689229993234,21.203081568234772,Completed,
98,Warm_Common,2022,3817,1243,1807.3549251074755,22.08389339075347,Completed,
11,Warm_Common,2023,3305,1755,1739.6110356747033,21.711484861940182,Completed,
9,Warm_Common,2023,3305,1755,1783.4760294407076,22.258948707931665,Completed,
10,Warm_Common,2023,3305,1755,1863.453873432775,23.25712457225694,Completed,
14,Warm_Common,2023,3305,1755,1702.8083571746192,21.252163335031423,Completed,
95,Warm_Common,2022,3817,1243,1683.6513042047318,20.5723709232426,Completed,
17,Warm_Common,2023,3305,1755,1637.2195495031522,20.43357206625423,Completed,
16,Warm_Common,2023,3305,1755,1819.9433247436803,22.714084432923954,Completed,
21,Warm_Common,2023,3305,1755,1677.0184955335947,20.930288973965723,Completed,
18,Warm_Common,2023,3305,1755,1747.0578896958489,21.80442647649281,Completed,
2,Warm_Common,2023,3305,1755,1666.949636293412,20.804623017331085,Completed,
20,Warm_Common,2023,3305,1755,1727.0432086933026,21.55463015151445,Completed,
1,Warm_Common,2023,3305,1755,1736.9294302508474,21.67801667027447,Completed,
19,Warm_Common,2023,3305,1755,1696.0285663721943,21.167547106256535,Completed,
5,Warm_Common,2023,3305,1755,1794.9454348392253,22.402094397731677,Completed,
27,Warm_Common,2023,3305,1755,1701.351272735322,21.233977967097093,Completed,
22,Warm_Common,2023,3305,1755,1784.4367767143092,22.270939463025293,Completed,
28,Warm_Common,2023,3305,1755,1742.4745550416558,21.747223458737107,Completed,
13,Warm_Common,2023,3305,1755,1764.5295280585353,22.022483964083786,Completed,
29,Warm_Common,2023,3305,1755,1691.5249716763622,21.111339295396707,Completed,
30,Warm_Common,2023,3305,1755,1761.2561097463026,21.981629560038645,Completed,
33,Warm_Common,2023,3305,1755,1703.4080925037924,21.259648424659787,Completed,
32,Warm_Common,2023,3305,1755,1713.0108731058383,21.379497414691624,Completed,
35,Warm_Common,2023,3305,1755,1677.4704280210346,20.935929387344608,Completed,
15,Warm_Common,2023,3305,1755,1697.4921707263657,21.185813846997885,Completed,
34,Warm_Common,2023,3305,1755,1741.466982885903,21.734648298452235,Completed,
12,Warm_Common,2023,3305,1755,1794.5193014944873,22.396775974547577,Completed,
39,Warm_Common,2023,3305,1755,1640.6262840836712,20.476090344626098,Completed,
24,Warm_Common,2023,3305,1755,1653.8888864037401,20.64161630623304,Completed,
37,Warm_Common,2023,3305,1755,1731.921835363591,21.615518606994925,Completed,
23,Warm_Common,2023,3305,1755,1686.8526997843844,21.053026282675333,Completed,
41,Warm_Common,2023,3305,1755,1698.4061326707244,21.197220690546473,Completed,
42,Warm_Common,2023,3305,1755,1757.6130985209763,21.936162394420283,Completed,
43,Warm_Common,2023,3305,1755,1982.4933679692263,24.74281541382991,Completed,
26,Warm_Common,2023,3305,1755,1682.4025728068764,20.997485783952065,Completed,
31,Warm_Common,2023,3305,1755,1721.841815949579,21.489713364082963,Completed,
47,Warm_Common,2023,3305,1755,1655.9694231695294,20.667582767452704,Completed,
45,Warm_Common,2023,3305,1755,1902.9557002402983,23.750133237506002,Completed,
25,Warm_Common,2023,3305,1755,1766.5518303854822,22.047723621373464,Completed,
46,Warm_Common,2023,3305,1755,1755.7151315757014,21.9124745241115,Completed,
49,Warm_Common,2023,3305,1755,1756.5269072727606,21.922606016379913,Completed,
53,Warm_Common,2023,3305,1755,1671.276404610011,20.858623919188165,Completed,
51,Warm_Common,2023,3305,1755,1724.6242609652536,21.52444009988662,Completed,
48,Warm_Common,2023,3305,1755,1769.2497550864352,22.081395488303578,Completed,
40,Warm_Common,2023,3305,1755,1684.11353031544,21.018839654032675,Completed,
38,Warm_Common,2023,3305,1755,1732.5692482897664,21.623598744254245,Completed,
36,Warm_Common,2023,3305,1755,1746.9865222837984,21.803535764457422,Completed,
55,Warm_Common,2023,3305,1755,1802.4555272966418,22.49582526937893,Completed,
57,Warm_Common,2023,3305,1755,1707.2056847931326,21.307044863180224,Completed,
44,Warm_Common,2023,3305,1755,1799.9305891499318,22.464312387921286,Completed,
59,Warm_Common,2023,3305,1755,1699.7145198042244,21.21355021873409,Completed,
58,Warm_Common,2023,3305,1755,1709.695713040886,21.338122046239096,Completed,
63,Warm_Common,2023,3305,1755,1731.604294681341,21.61155549134761,Completed,
62,Warm_Common,2023,3305,1755,1718.308105930818,21.445610349095443,Completed,
50,Warm_Common,2023,3305,1755,1670.540070374298,20.84943398575813,Completed,
65,Warm_Common,2023,3305,1755,1711.3990705637343,21.359381063521344,Completed,
54,Warm_Common,2023,3305,1755,1746.7288178006506,21.800319443757,Completed,
56,Warm_Common,2023,3305,1755,1667.6030478630412,20.81277802158876,Completed,
66,Warm_Common,2023,3305,1755,1721.956984930312,21.49115074837777,Completed,
52,Warm_Common,2023,3305,1755,1833.576394953036,22.884234076379965,Completed,
61,Warm_Common,2023,3305,1755,1905.5880587602253,23.782986795562692,Completed,
60,Warm_Common,2023,3305,1755,1685.2206668320466,21.032657442738003,Completed,
64,Warm_Common,2023,3305,1755,1889.164040467011,23.578004292444085,Completed,
67,Warm_Common,2023,3305,1755,1681.8774633978385,20.990932074673733,Completed,
68,Warm_Common,2023,3305,1755,1735.8476547018024,21.664515403051247,Completed,
69,Warm_Common,2023,3305,1755,1779.239837598228,22.206078259783123,Completed,
71,Warm_Common,2023,3305,1755,1748.3694725637079,21.820795889537866,Completed,
76,Warm_Common,2023,3305,1755,1886.6375809548886,23.54647242334987,Completed,
73,Warm_Common,2023,3305,1755,1782.9269058857406,22.25209528638713,Completed,
74,Warm_Common,2023,3305,1755,1734.1376878263125,21.643173896720082,Completed,
70,Warm_Common,2023,3305,1755,1726.1961103771187,21.5440578098293,Completed,
72,Warm_Common,2023,3305,1755,1727.3514640605104,21.558477380349796,Completed,
77,Warm_Common,2023,3305,1755,1681.948347055466,20.99181674913715,Completed,
75,Warm_Common,2023,3305,1755,1743.2931353334166,21.7574398768032,Completed,
79,Warm_Common,2023,3305,1755,1758.8558471847496,21.951672711524157,Completed,
82,Warm_Common,2023,3305,1755,1675.0455402997627,20.905665200711713,Completed,
80,Warm_Common,2023,3305,1755,1796.623813143509,22.42304165800928,Completed,
83,Warm_Common,2023,3305,1755,1779.4916268841223,22.20922075494841,Completed,
81,Warm_Common,2023,3305,1755,1689.5546444242414,21.086748321075312,Completed,
78,Warm_Common,2023,3305,1755,1867.0353213098385,23.301823386975904,Completed,
86,Warm_Common,2023,3305,1755,1701.8562713100746,21.240280679994513,Completed,
90,Warm_Common,2023,3305,1755,1752.7099956801098,21.874968460303442,Completed,
88,Warm_Common,2023,3305,1755,1788.31614101571,22.31935646980241,Completed,
87,Warm_Common,2023,3305,1755,1659.9035661430894,20.716683447928684,Completed,
84,Warm_Common,2023,3305,1755,1785.612255892682,22.285610212901787,Completed,
85,Warm_Common,2023,3305,1755,1860.8313759019811,23.22439408580183,Completed,
89,Warm_Common,2023,3305,1755,1663.5373933635599,20.76203599115255,Completed,
91,Warm_Common,2023,3305,1755,1659.5111037557424,20.71178526034133,Completed,
0,Warm_Common,2024,2998,2062,1600.0887024855786,19.48148758555992,Completed,
92,Warm_Common,2023,3305,1755,1680.0734988198315,20.968417415463325,Completed,
3,Warm_Common,2024,2998,2062,1610.010196593797,19.602284303891352,Completed,
2,Warm_Common,2024,2998,2062,1617.4696355076057,19.693104873006593,Completed,
96,Warm_Common,2023,3305,1755,1701.5635147535684,21.236626886465686,Completed,
93,Warm_Common,2023,3305,1755,1772.7771017323048,22.125419084230533,Completed,
95,Warm_Common,2023,3305,1755,1671.9173900800422,20.866623837585962,Completed,
1,Warm_Common,2024,2998,2062,1666.7195217246692,20.292734784421835,Completed,
97,Warm_Common,2023,3305,1755,1785.1593122954848,22.279957180211035,Completed,
94,Warm_Common,2023,3305,1755,1711.5244602820007,21.360946009313338,Completed,
6,Warm_Common,2024,2998,2062,1572.0805740664423,19.140481486807655,Completed,
98,Warm_Common,2023,3305,1755,1676.4210580632846,20.92283256312066,Completed,
8,Warm_Common,2024,2998,2062,1599.502094388777,19.474345482539206,Completed,
5,Warm_Common,2024,2998,2062,1562.3640324872874,19.02218011773053,Completed,
99,Warm_Common,2023,3305,1755,1701.9178831484362,21.241049636082092,Completed,
9,Warm_Common,2024,2998,2062,1582.1398043188467,19.26295517778372,Completed,
10,Warm_Common,2024,2998,2062,1642.378587825568,19.99637771319219,Completed,
7,Warm_Common,2024,2998,2062,1545.89694524877,18.821689135506126,Completed,
4,Warm_Common,2024,2998,2062,1778.7545008277725,21.6567891966273,Completed,
12,Warm_Common,2024,2998,2062,1576.6912649289238,19.19661782266126,Completed,
13,Warm_Common,2024,2998,2062,1594.3485158705146,19.411599351172377,Completed,
15,Warm_Common,2024,2998,2062,1668.5413078620427,20.314915494755994,Completed,
14,Warm_Common,2024,2998,2062,1573.4761487388055,19.157472963975223,Completed,
11,Warm_Common,2024,2998,2062,1908.8671047676016,23.24094329661008,Completed,
16,Warm_Common,2024,2998,2062,1592.421588854953,19.38813852386097,Completed,
21,Warm_Common,2024,2998,2062,1567.3541569107354,19.082936153852025,Completed,
22,Warm_Common,2024,2998,2062,1558.256715760917,18.97217249022185,Completed,
24,Warm_Common,2024,2998,2062,1604.5106967657243,19.535326492451926,Completed,
18,Warm_Common,2024,2998,2062,1623.3278075720657,19.764429610298073,Completed,
26,Warm_Common,2024,2998,2062,1528.306828514471,18.607524983071656,Completed,
19,Warm_Common,2024,2998,2062,1590.1413989692753,19.360376631109936,Completed,
23,Warm_Common,2024,2998,2062,1673.756730273841,20.378414591281746,Completed,
20,Warm_Common,2024,2998,2062,1674.047454415967,20.38195423177596,Completed,
28,Warm_Common,2024,2998,2062,1607.745206053733,19.574707467045293,Completed,
27,Warm_Common,2024,2998,2062,1514.6878933682403,18.441710978155747,Completed,
17,Warm_Common,2024,2998,2062,1926.9287864739185,23.460848872713054,Completed,
30,Warm_Common,2024,2998,2062,1543.183951738033,18.788657748360514,Completed,
25,Warm_Common,2024,2998,2062,1572.3014233134245,19.143170382652418,Completed,
29,Warm_Common,2024,2998,2062,1624.4327021040513,19.777881982703924,Completed,
31,Warm_Common,2024,2998,2062,1538.029836035356,18.725905076636586,Completed,
32,Warm_Common,2024,2998,2062,1550.7135904982476,18.880333018489605,Completed,
35,Warm_Common,2024,2998,2062,1561.1031466565262,19.00682851152231,Completed,
34,Warm_Common,2024,2998,2062,1587.054709160635,19.32279539633583,Completed,
39,Warm_Common,2024,2998,2062,1590.7566993937792,19.367868070529976,Completed,
33,Warm_Common,2024,2998,2062,1756.5108921491126,21.385967594263498,Completed,
40,Warm_Common,2024,2998,2062,1589.896802127433,19.357398602247898,Completed,
36,Warm_Common,2024,2998,2062,1521.0478515801167,18.51914508962524,Completed,
38,Warm_Common,2024,2998,2062,1623.5749151053228,19.7674382074677,Completed,
37,Warm_Common,2024,2998,2062,1791.19647254303,21.80827337193218,Completed,
45,Warm_Common,2024,2998,2062,1584.3589212298507,19.28997349150937,Completed,
46,Warm_Common,2024,2998,2062,1537.8713370661449,18.723975311307818,Completed,
42,Warm_Common,2024,2998,2062,1615.100609162203,19.66426137372675,Completed,
48,Warm_Common,2024,2998,2062,1570.4987653614169,19.12122256284812,Completed,
43,Warm_Common,2024,2998,2062,1575.0613194092361,19.17677282072005,Completed,
49,Warm_Common,2024,2998,2062,1578.9643323049922,19.2242929970433,Completed,
41,Warm_Common,2024,2998,2062,1730.055554420279,21.063867117749,Completed,
44,Warm_Common,2024,2998,2062,1592.2265320259992,19.385763657276488,Completed,
52,Warm_Common,2024,2998,2062,1549.6365199149302,18.867219409747115,Completed,
47,Warm_Common,2024,2998,2062,1776.642368061034,21.63107344211297,Completed,
51,Warm_Common,2024,2998,2062,1618.2331655965752,19.702401046353955,Completed,
50,Warm_Common,2024,2998,2062,1530.6617415988894,18.636196649803573,Completed,
55,Warm_Common,2024,2998,2062,1575.0178408746124,19.176243458484574,Completed,
53,Warm_Common,2024,2998,2062,1629.9342877615793,19.84486518964835,Completed,
59,Warm_Common,2024,2998,2062,1594.1203121975857,19.408820913318124,Completed,
58,Warm_Common,2024,2998,2062,1529.5778928117422,18.623000514702667,Completed,
57,Warm_Common,2024,2998,2062,1536.3833043487646,18.70585813388789,Completed,
54,Warm_Common,2024,2998,2062,1628.2685845595124,19.82458482881467,Completed,
56,Warm_Common,2024,2998,2062,1675.2457118086318,20.396543320795363,Completed,
61,Warm_Common,2024,2998,2062,1524.7193002909175,18.563845913004208,Completed,
60,Warm_Common,2024,2998,2062,1548.5253724491508,18.85369090627935,Completed,
62,Warm_Common,2024,2998,2062,1595.2774980766612,19.422909946196352,Completed,
64,Warm_Common,2024,2998,2062,1578.7893994342955,19.222163144777305,Completed,
66,Warm_Common,2024,2998,2062,1547.9133617936996,18.846239520635617,Completed,
67,Warm_Common,2024,2998,2062,1642.4552453529222,19.99731103811672,Completed,
69,Warm_Common,2024,2998,2062,1616.4715011084081,19.68095233241526,Completed,
65,Warm_Common,2024,2998,2062,1686.3377854306261,20.531592142919614,Completed,
68,Warm_Common,2024,2998,2062,1565.6520719215741,19.06221283549198,Completed,
63,Warm_Common,2024,2998,2062,1770.3932481996703,21.554988815797746,Completed,
71,Warm_Common,2024,2998,2062,1758.1342050503144,21.405731842384938,Completed,
70,Warm_Common,2024,2998,2062,1600.1279840642915,19.481965848787976,Completed,
76,Warm_Common,2024,2998,2062,1566.7600819099603,19.075703139373193,Completed,
79,Warm_Common,2024,2998,2062,1539.2787590988112,18.741111033105266,Completed,
72,Warm_Common,2024,2998,2062,1643.9638515398442,20.015678702769538,Completed,
78,Warm_Common,2024,2998,2062,1574.4437930882625,19.16925428044343,Completed,
75,Warm_Common,2024,2998,2062,1767.5113911634025,21.51990147220973,Completed,
82,Warm_Common,2024,2998,2062,1560.528450818004,18.999831443280875,Completed,
77,Warm_Common,2024,2998,2062,1665.4647217514516,20.27745727507962,Completed,
74,Warm_Common,2024,2998,2062,1766.0290009764312,21.501852994035005,Completed,
73,Warm_Common,2024,2998,2062,1779.3703802101766,21.66428768500727,Completed,
81,Warm_Common,2024,2998,2062,1653.3535026784748,20.130000097455856,Completed,
84,Warm_Common,2024,2998,2062,1625.4633593791311,19.79043049759453,Completed,
83,Warm_Common,2024,2998,2062,1623.9276104930887,19.771732363665144,Completed,
85,Warm_Common,2024,2998,2062,1563.9137561248476,19.041048397819804,Completed,
87,Warm_Common,2024,2998,2062,1575.0203786710538,19.176274356802768,Completed,
86,Warm_Common,2024,2998,2062,1602.829917003548,19.514862570658067,Completed,
80,Warm_Common,2024,2998,2062,1793.2371843953163,21.833119558618115,Completed,
90,Warm_Common,2024,2998,2062,1565.9687603862556,19.066068598227883,Completed,
88,Warm_Common,2024,2998,2062,1560.7904593135581,19.003021463462584,Completed,
89,Warm_Common,2024,2998,2062,1622.3472784837115,19.752491418851324,Completed,
93,Warm_Common,2024,2998,2062,1591.0721424770127,19.37170867042948,Completed,
5,Cold_Common,2022,3817,1243,1750.8158090336894,21.3930474509574,Completed,
0,Cold_Common,2022,3817,1243,1712.2998238238308,20.9224243877183,Completed,
94,Warm_Common,2024,2998,2062,1612.5574661589665,19.633297959780453,Completed,
4,Cold_Common,2022,3817,1243,1782.5647166617032,21.78098425384532,Completed,
92,Warm_Common,2024,2998,2062,1742.4761609163913,21.21509116606786,Completed,
98,Warm_Common,2024,2998,2062,1548.2574194421638,18.850428510156547,Completed,
91,Warm_Common,2024,2998,2062,1691.2491149975324,20.591388831589217,Completed,
95,Warm_Common,2024,2998,2062,1680.72759927074,20.46328669719231,Completed,
96,Warm_Common,2024,2998,2062,1672.3381704449534,20.36114326397788,Completed,
7,Cold_Common,2022,3817,1243,1791.3909758470252,21.888831453186217,Completed,
9,Cold_Common,2022,3817,1243,1933.032323694711,23.619533255105345,Completed,
97,Warm_Common,2024,2998,2062,1756.0793124505478,21.38071300148579,Completed,
8,Cold_Common,2022,3817,1243,1977.3209247515297,24.160691347839254,Completed,
11,Cold_Common,2022,3817,1243,2020.6942725671338,24.69066605056839,Completed,
6,Cold_Common,2022,3817,1243,1748.0597563669205,21.35937151247586,Completed,
3,Cold_Common,2022,3817,1243,1755.2626965151771,21.44738353497588,Completed,
99,Warm_Common,2024,2998,2062,1720.530432829521,20.947896335796074,Completed,
10,Cold_Common,2022,3817,1243,1839.2901105968103,22.4741063046439,Completed,
2,Cold_Common,2022,3817,1243,2012.1843226588587,24.586683803404718,Completed,
14,Cold_Common,2022,3817,1243,1995.9910150307894,24.388819358334146,Completed,
17,Cold_Common,2022,3817,1243,1715.7505957050282,20.964589032460474,Completed,
15,Cold_Common,2022,3817,1243,1790.196960429297,21.87424189536018,Completed,
18,Cold_Common,2022,3817,1243,1785.308322770628,21.814508109051634,Completed,
1,Cold_Common,2022,3817,1243,1708.5215869034773,20.87625847963075,Completed,
12,Cold_Common,2022,3817,1243,1940.7760355679218,23.714152914520902,Completed,
22,Cold_Common,2022,3817,1243,1742.063892556593,21.28610863791077,Completed,
16,Cold_Common,2022,3817,1243,1608.4700413957917,19.65373841238914,Completed,
21,Cold_Common,2022,3817,1243,1618.5189184258945,19.776524659819973,Completed,
13,Cold_Common,2022,3817,1243,1765.1464901328134,21.568152644305698,Completed,
23,Cold_Common,2022,3817,1243,1688.605266534026,20.632902905324336,Completed,
26,Cold_Common,2022,3817,1243,1762.523467311182,21.53610218451514,Completed,
30,Cold_Common,2022,3817,1243,1610.5574758313514,19.67924456997595,Completed,
28,Cold_Common,2022,3817,1243,1675.5678543877232,20.473600039057963,Completed,
33,Cold_Common,2022,3817,1243,1972.703941748468,24.10427688324787,Completed,
25,Cold_Common,2022,3817,1243,1873.8765628509536,22.896714788309314,Completed,
34,Cold_Common,2022,3817,1243,1736.4019416541203,21.216925812569226,Completed,
31,Cold_Common,2022,3817,1243,1660.1023378010257,20.284628401672876,Completed,
41,Cold_Common,2022,3817,1243,1711.9481397990544,20.918127194951953,Completed,
38,Cold_Common,2022,3817,1243,1886.6333594122664,23.052588840137183,Completed,
29,Cold_Common,2022,3817,1243,1690.5955214412293,20.6572216357411,Completed,
27,Cold_Common,2022,3817,1243,1714.9425973399116,20.954716179316215,Completed,
20,Cold_Common,2022,3817,1243,2268.3445740486673,27.716680908043557,Completed,
24,Cold_Common,2022,3817,1243,1712.855428158746,20.92921326284695,Completed,
19,Cold_Common,2022,3817,1243,1890.0332135788594,23.09413132629534,Completed,
35,Cold_Common,2022,3817,1243,1905.2717036623876,23.280328949001174,Completed,
43,Cold_Common,2022,3817,1243,1628.8884622173687,19.903229103103598,Completed,
40,Cold_Common,2022,3817,1243,1761.8967915199153,21.528444894199527,Completed,
37,Cold_Common,2022,3817,1243,1769.1376573301338,21.616920326660647,Completed,
39,Cold_Common,2022,3817,1243,1724.7449964113066,21.07449073663148,Completed,
42,Cold_Common,2022,3817,1243,2128.4299852902873,26.007078206865515,Completed,
45,Cold_Common,2022,3817,1243,1767.5055326229042,21.59697755419567,Completed,
51,Cold_Common,2022,3817,1243,1908.2210135074085,23.316366278077457,Completed,
52,Cold_Common,2022,3817,1243,1937.5584918871934,23.674838062391864,Completed,
36,Cold_Common,2022,3817,1243,1760.9861299002962,21.517317608770785,Completed,
46,Cold_Common,2022,3817,1243,1627.1898471902398,19.882473891910745,Completed,
49,Cold_Common,2022,3817,1243,2412.203376614041,29.47447757268387,Completed,
54,Cold_Common,2022,3817,1243,1627.4084284004027,19.88514471437921,Completed,
47,Cold_Common,2022,3817,1243,1959.1423044306107,23.93856856078663,Completed,
50,Cold_Common,2022,3817,1243,1559.2630414069606,19.05248288325308,Completed,
58,Cold_Common,2022,3817,1243,1866.1896659506072,22.802789345500745,Completed,
32,Cold_Common,2022,3817,1243,2052.6690195800593,25.081362362853465,Completed,
56,Cold_Common,2022,3817,1243,1589.370264345114,19.420360101181537,Completed,
48,Cold_Common,2022,3817,1243,1765.5862279175485,21.573525757368923,Completed,
57,Cold_Common,2022,3817,1243,1745.8548428996978,21.332429890069797,Completed,
53,Cold_Common,2022,3817,1243,1815.0155443689537,22.177497749658002,Completed,
65,Cold_Common,2022,3817,1243,1641.901292869691,20.062231610494738,Completed,
55,Cold_Common,2022,3817,1243,1777.7733704171283,21.722439261827727,Completed,
44,Cold_Common,2022,3817,1243,1631.5454121745508,19.935694115251387,Completed,
61,Cold_Common,2022,3817,1243,1888.1792216186864,23.071477579525958,Completed,
60,Cold_Common,2022,3817,1243,3229.0738843991417,39.45573856208476,Completed,
59,Cold_Common,2022,3817,1243,1563.7596229413136,19.107426174052247,Completed,
67,Cold_Common,2022,3817,1243,2106.7594319323157,25.74228783092559,Completed,
63,Cold_Common,2022,3817,1243,1750.9340689516519,21.394492457350115,Completed,
62,Cold_Common,2022,3817,1243,1653.2015285257794,20.200308086815298,Completed,
70,Cold_Common,2022,3817,1243,1715.3979164592185,20.96027967918548,Completed,
69,Cold_Common,2022,3817,1243,1593.2316889997246,19.467542472072953,Completed,
64,Cold_Common,2022,3817,1243,1767.4124453021193,21.59584012931045,Completed,
76,Cold_Common,2022,3817,1243,1552.5993657020972,18.971060080342355,Completed,
72,Cold_Common,2022,3817,1243,2184.612377243609,26.693565369458057,Completed,
66,Cold_Common,2022,3817,1243,1742.975658361563,21.297249415272525,Completed,
75,Cold_Common,2022,3817,1243,1714.1112028210225,20.94455745085301,Completed,
68,Cold_Common,2022,3817,1243,1669.5015259308257,20.399476163855393,Completed,
83,Cold_Common,2022,3817,1243,1905.3719582896729,23.281553950504826,Completed,
80,Cold_Common,2022,3817,1243,1926.7896748381243,23.543254938151872,Completed,
85,Cold_Common,2022,3817,1243,1755.0742203303819,21.445080562873446,Completed,
71,Cold_Common,2022,3817,1243,1911.3701135583608,23.354844824175927,Completed,
74,Cold_Common,2022,3817,1243,1643.5881123169968,20.08284269264925,Completed,
82,Cold_Common,2022,3817,1243,1589.3467644561072,19.420072958331886,Completed,
81,Cold_Common,2022,3817,1243,1795.5803644785747,21.94002118389507,Completed,
84,Cold_Common,2022,3817,1243,1668.3474989604913,20.385375220964274,Completed,
87,Cold_Common,2022,3817,1243,1709.7430831995985,20.891183823627106,Completed,
79,Cold_Common,2022,3817,1243,1673.7940493034464,20.45192608789709,Completed,
89,Cold_Common,2022,3817,1243,1711.9275001072776,20.917875000573037,Completed,
93,Cold_Common,2022,3817,1243,1554.56038159814,18.995021542136143,Completed,
77,Cold_Common,2022,3817,1243,1611.874890867554,19.6953419356935,Completed,
78,Cold_Common,2022,3817,1243,1677.7380407273536,20.500117334082134,Completed,
91,Cold_Common,2022,3817,1243,1856.4527312882915,22.6838146914092,Completed,
90,Cold_Common,2022,3817,1243,1910.63613789471,23.345876447194573,Completed,
86,Cold_Common,2022,3817,1243,1823.487914203349,22.281020809567607,Completed,
92,Cold_Common,2022,3817,1243,1817.8709519219306,22.21238769579481,Completed,
95,Cold_Common,2022,3817,1243,1889.6640911664426,23.0896210555728,Completed,
73,Cold_Common,2022,3817,1243,1763.4895889682807,21.547907130727683,Completed,
3,Cold_Common,2023,3305,1755,1787.4530428548758,22.308584439578972,Completed,
99,Cold_Common,2022,3817,1243,1914.864326881254,23.397540275653306,Completed,
88,Cold_Common,2022,3817,1243,1776.3248287159756,21.70473967219211,Completed,
2,Cold_Common,2023,3305,1755,2226.8118922451504,27.79207058209857,Completed,
96,Cold_Common,2022,3817,1243,1890.249053521275,23.096768653480808,Completed,
94,Cold_Common,2022,3817,1243,1659.3777162708782,20.275774321935625,Completed,
5,Cold_Common,2023,3305,1755,2542.6629717834558,31.734098881179623,Completed,
1,Cold_Common,2023,3305,1755,2842.679510102146,35.478501737023535,Completed,
98,Cold_Common,2022,3817,1243,1678.7208776940486,20.512126523030837,Completed,
97,Cold_Common,2022,3817,1243,1912.1422784786953,23.364279831956555,Completed,
7,Cold_Common,2023,3305,1755,2002.9617047757322,24.998273660305788,Completed,
6,Cold_Common,2023,3305,1755,2822.0785111865675,35.22138778055627,Completed,
9,Cold_Common,2023,3305,1755,2067.899342849526,25.808737906103413,Completed,
4,Cold_Common,2023,3305,1755,1890.364221051685,23.592983332046256,Completed,
8,Cold_Common,2023,3305,1755,2157.06763108203,26.921616532660448,Completed,
10,Cold_Common,2023,3305,1755,1707.287052190897,21.308060381585538,Completed,
12,Cold_Common,2023,3305,1755,2537.703379062229,31.672199916365035,Completed,
16,Cold_Common,2023,3305,1755,1849.0837730658757,23.077776309810737,Completed,
11,Cold_Common,2023,3305,1755,1841.0655093855846,22.977703128539982,Completed,
0,Cold_Common,2023,3305,1755,2017.588253582049,25.180822567204164,Completed,
20,Cold_Common,2023,3305,1755,2516.9277631690766,31.4129066256745,Completed,
18,Cold_Common,2023,3305,1755,1998.3513000333246,24.940732790123057,Completed,
13,Cold_Common,2023,3305,1755,3023.384098862848,37.733813334215974,Completed,
17,Cold_Common,2023,3305,1755,3192.1980525697404,39.84072201967963,Completed,
22,Cold_Common,2023,3305,1755,2491.0450684404486,31.089873646886296,Completed,
19,Cold_Common,2023,3305,1755,2248.0578367561748,28.057233881921984,Completed,
21,Cold_Common,2023,3305,1755,2187.353882866853,27.299608787058894,Completed,
14,Cold_Common,2023,3305,1755,2086.6458533646482,26.042706632971957,Completed,
25,Cold_Common,2023,3305,1755,2803.7891361056068,34.99312440324871,Completed,
15,Cold_Common,2023,3305,1755,2733.5439491850057,34.11641847233969,Completed,
26,Cold_Common,2023,3305,1755,2172.9467288555165,27.11979807086655,Completed,
27,Cold_Common,2023,3305,1755,2745.409321761114,34.264506091804314,Completed,
24,Cold_Common,2023,3305,1755,2266.556535095922,28.288109750568818,Completed,
23,Cold_Common,2023,3305,1755,2337.825626015302,29.17759467385813,Completed,
31,Cold_Common,2023,3305,1755,1713.0729039780529,21.380271600596082,Completed,
29,Cold_Common,2023,3305,1755,2200.396353086534,27.46238735590551,Completed,
38,Cold_Common,2023,3305,1755,1945.9429551639798,24.286642327982015,Completed,
35,Cold_Common,2023,3305,1755,1814.2445243085606,22.64295967179002,Completed,
28,Cold_Common,2023,3305,1755,2240.0755329502804,27.957609503431037,Completed,
34,Cold_Common,2023,3305,1755,1796.0967553193977,22.416463631234965,Completed,
42,Cold_Common,2023,3305,1755,1815.3797361890527,22.65712785942102,Completed,
30,Cold_Common,2023,3305,1755,2582.4689359386025,32.23090337968305,Completed,
39,Cold_Common,2023,3305,1755,2375.5360149312805,29.648245021146597,Completed,
33,Cold_Common,2023,3305,1755,2095.1089282296043,26.148331349099774,Completed,
32,Cold_Common,2023,3305,1755,2022.211224362495,25.238520269770138,Completed,
36,Cold_Common,2023,3305,1755,2455.5776035121867,30.64721645968198,Completed,
45,Cold_Common,2023,3305,1755,1792.6920435864743,22.3739705993257,Completed,
41,Cold_Common,2023,3305,1755,1887.8875893896814,23.562073347149926,Completed,
40,Cold_Common,2023,3305,1755,2097.594209615749,26.17934928821742,Completed,
47,Cold_Common,2023,3305,1755,2032.5776058264908,25.367899498582258,Completed,
43,Cold_Common,2023,3305,1755,2049.056919330513,25.573572122140302,Completed,
44,Cold_Common,2023,3305,1755,2043.4466469928136,25.503552249632378,Completed,
50,Cold_Common,2023,3305,1755,2121.9090265386344,26.48281412530804,Completed,
37,Cold_Common,2023,3305,1755,1903.7291063431264,23.759785852113136,Completed,
48,Cold_Common,2023,3305,1755,1960.7817280661227,24.47183993056545,Completed,
55,Cold_Common,2023,3305,1755,1835.8421045701537,22.912511616039584,Completed,
51,Cold_Common,2023,3305,1755,2111.612493118439,26.354306645820635,Completed,
54,Cold_Common,2023,3305,1755,2526.6933983435774,31.534788147411437,Completed,
61,Cold_Common,2023,3305,1755,2397.3146712993953,29.920056913778293,Completed,
49,Cold_Common,2023,3305,1755,2285.7237798437513,28.527329516167853,Completed,
53,Cold_Common,2023,3305,1755,2115.984753643238,26.408875320225377,Completed,
46,Cold_Common,2023,3305,1755,2135.2630890582786,26.649481570095894,Completed,
59,Cold_Common,2023,3305,1755,2528.560124317907,31.55808610994553,Completed,
58,Cold_Common,2023,3305,1755,1830.070849766981,22.840482576947586,Completed,
63,Cold_Common,2023,3305,1755,1896.729802562717,23.672429957630932,Completed,
52,Cold_Common,2023,3305,1755,2711.2703639134143,33.83842954290195,Completed,
60,Cold_Common,2023,3305,1755,2178.55755622459,27.189824870529467,Completed,
67,Cold_Common,2023,3305,1755,1825.5580961090216,22.784160456242912,Completed,
56,Cold_Common,2023,3305,1755,2257.8300718677397,28.17919777519527,Completed,
62,Cold_Common,2023,3305,1755,2556.1255280578857,31.902120399071375,Completed,
69,Cold_Common,2023,3305,1755,2080.9764373239805,25.97194860832235,Completed,
57,Cold_Common,2023,3305,1755,2367.654690200007,29.5498809276303,Completed,
64,Cold_Common,2023,3305,1755,2017.625328481948,25.18128528623239,Completed,
70,Cold_Common,2023,3305,1755,3732.4364145994477,46.58325053812982,Completed,
71,Cold_Common,2023,3305,1755,2205.029910371137,27.520217184975643,Completed,
66,Cold_Common,2023,3305,1755,2777.2968630898176,34.662483488271064,Completed,
76,Cold_Common,2023,3305,1755,1844.929345438056,23.02592633260221,Completed,
65,Cold_Common,2023,3305,1755,2646.675187088728,33.03223943774457,Completed,
72,Cold_Common,2023,3305,1755,1923.4444968894122,24.0058468362152,Completed,
68,Cold_Common,2023,3305,1755,2944.2200580511344,36.74579426647827,Completed,
77,Cold_Common,2023,3305,1755,1924.278155011817,24.016251435481035,Completed,
73,Cold_Common,2023,3305,1755,1830.9509720537574,22.85146707941057,Completed,
74,Cold_Common,2023,3305,1755,2232.3497464970374,27.861186629474556,Completed,
75,Cold_Common,2023,3305,1755,2927.8649032723047,36.54167122511257,Completed,
79,Cold_Common,2023,3305,1755,2261.6323468168443,28.22665265637588,Completed,
85,Cold_Common,2023,3305,1755,1924.8508926280178,24.02339957597279,Completed,
81,Cold_Common,2023,3305,1755,2218.8813718115157,27.693092494002354,Completed,
82,Cold_Common,2023,3305,1755,2545.6538978565413,31.77142759709789,Completed,
84,Cold_Common,2023,3305,1755,2990.37944014719,37.32189358124626,Completed,
87,Cold_Common,2023,3305,1755,1782.8308905374874,22.250896951967906,Completed,
92,Cold_Common,2023,3305,1755,1916.8718975953013,23.92381649313776,Completed,
80,Cold_Common,2023,3305,1755,2285.7132295042575,28.52719784102237,Completed,
90,Cold_Common,2023,3305,1755,2522.0141996519746,31.476388683694918,Completed,
95,Cold_Common,2023,3305,1755,2084.059480347859,26.010427004106774,Completed,
86,Cold_Common,2023,3305,1755,1862.2976918091665,23.242694668500384,Completed,
89,Cold_Common,2023,3305,1755,2138.9224780273294,26.695153140680457,Completed,
78,Cold_Common,2023,3305,1755,2336.0942009182845,29.15598535487097,Completed,
83,Cold_Common,2023,3305,1755,2164.2836808743436,27.01167755930142,Completed,
88,Cold_Common,2023,3305,1755,1863.4367260928643,23.256910562226388,Completed,
94,Cold_Common,2023,3305,1755,2356.112618300565,29.405828312315087,Completed,
93,Cold_Common,2023,3305,1755,1936.3131475120376,24.16645602266955,Completed,
96,Cold_Common,2023,3305,1755,2109.742749700252,26.330971023611305,Completed,
1,Cold_Common,2024,2998,2062,2117.038900992598,25.77548794874166,Completed,
6,Cold_Common,2024,2998,2062,1675.5953642345003,20.400800428156497,Completed,
3,Cold_Common,2024,2998,2062,2081.514711370063,25.342971890073514,Completed,
8,Cold_Common,2024,2998,2062,1711.8111526189123,20.84173687793969,Completed,
4,Cold_Common,2024,2998,2062,1449.1205147155258,17.643411439351222,Completed,
99,Cold_Common,2023,3305,1755,2039.5987312776563,25.455527741804822,Completed,
9,Cold_Common,2024,2998,2062,1706.3262621235594,20.774956938847946,Completed,
97,Cold_Common,2023,3305,1755,1783.8839669210297,22.264040034812787,Completed,
12,Cold_Common,2024,2998,2062,1905.059746121477,23.194587735144626,Completed,
2,Cold_Common,2024,2998,2062,1898.0286288910756,23.10898209164255,Completed,
0,Cold_Common,2024,2998,2062,2037.7329321480322,24.809917574357907,Completed,
7,Cold_Common,2024,2998,2062,2117.167762371734,25.7770568688609,Completed,
14,Cold_Common,2024,2998,2062,1731.3289639515626,21.07937120320158,Completed,
11,Cold_Common,2024,2998,2062,1773.8592463356094,21.597188226087926,Completed,
13,Cold_Common,2024,2998,2062,1912.7817478983397,23.288605074007112,Completed,
91,Cold_Common,2023,3305,1755,2169.3706918144762,27.075166786924292,Completed,
98,Cold_Common,2023,3305,1755,1920.3509854355414,23.967237787569502,Completed,
16,Cold_Common,2024,2998,2062,1929.8379168909291,23.49626827665968,Completed,
15,Cold_Common,2024,2998,2062,1722.4029904505321,20.970695201877877,Completed,
10,Cold_Common,2024,2998,2062,1839.8682788883536,22.400865013639457,Completed,
5,Cold_Common,2024,2998,2062,2240.9504575851456,27.284142717514943,Completed,
18,Cold_Common,2024,2998,2062,1708.2147091603927,20.797949262615315,Completed,
22,Cold_Common,2024,2998,2062,1605.5653155727507,19.548166745098335,Completed,
21,Cold_Common,2024,2998,2062,1649.6391999160269,20.08477751508074,Completed,
17,Cold_Common,2024,2998,2062,2107.7274645726097,25.662118838180508,Completed,
31,Cold_Common,2024,2998,2062,1527.965321770322,18.60336705146062,Completed,
27,Cold_Common,2024,2998,2062,1713.875678503933,20.86687300654095,Completed,
26,Cold_Common,2024,2998,2062,1863.181490039803,22.684709298597525,Completed,
19,Cold_Common,2024,2998,2062,2002.0114461214205,24.37499938170761,Completed,
23,Cold_Common,2024,2998,2062,1891.7891975926505,23.03301542604932,Completed,
39,Cold_Common,2024,2998,2062,1529.024188418836,18.61625902265931,Completed,
37,Cold_Common,2024,2998,2062,1585.2906333958852,19.301317324490455,Completed,
20,Cold_Common,2024,2998,2062,2049.789806623746,24.956713092665357,Completed,
38,Cold_Common,2024,2998,2062,1649.5876523268155,20.084149910050016,Completed,
28,Cold_Common,2024,2998,2062,1805.9212862771985,21.987551730385853,Completed,
30,Cold_Common,2024,2998,2062,2249.152229419933,27.384001379057143,Completed,
35,Cold_Common,2024,2998,2062,1824.7872350259024,22.217249462622043,Completed,
25,Cold_Common,2024,2998,2062,2111.9415794328634,25.713426760176723,Completed,
40,Cold_Common,2024,2998,2062,1614.4690286264988,19.65657171980538,Completed,
36,Cold_Common,2024,2998,2062,1864.0332702410683,22.695079939544364,Completed,
33,Cold_Common,2024,2998,2062,1732.8255780678126,21.097592861338907,Completed,
29,Cold_Common,2024,2998,2062,2125.2143191178498,25.87502574715649,Completed,
34,Cold_Common,2024,2998,2062,1817.2114852480765,22.12501277910646,Completed,
32,Cold_Common,2024,2998,2062,1897.660987039151,23.10450595843626,Completed,
43,Cold_Common,2024,2998,2062,2122.918434318996,25.84707276483915,Completed,
41,Cold_Common,2024,2998,2062,1776.8160079306338,21.633187551761214,Completed,
24,Cold_Common,2024,2998,2062,1704.4218476437682,20.751770207394756,Completed,
44,Cold_Common,2024,2998,2062,1932.506577602469,23.528759900681003,Completed,
45,Cold_Common,2024,2998,2062,1799.7770345508263,21.91274390032997,Completed,
48,Cold_Common,2024,2998,2062,1656.33420608378,20.16629092076864,Completed,
49,Cold_Common,2024,2998,2062,1691.2448855578016,20.591337337083015,Completed,
46,Cold_Common,2024,2998,2062,1727.3948409121156,21.03147225295338,Completed,
51,Cold_Common,2024,2998,2062,1986.1935257590478,24.182412171579664,Completed,
42,Cold_Common,2024,2998,2062,3013.1512696950927,36.68588432803344,Completed,
47,Cold_Common,2024,2998,2062,2120.0251350946073,25.811846109695797,Completed,
54,Cold_Common,2024,2998,2062,1625.5946110308823,19.7920285198918,Completed,
53,Cold_Common,2024,2998,2062,1765.2672933222968,21.49257900929604,Completed,
55,Cold_Common,2024,2998,2062,1873.423432926325,22.809407562441173,Completed,
57,Cold_Common,2024,2998,2062,2044.6486730706815,24.894118481920252,Completed,
58,Cold_Common,2024,2998,2062,1972.790691939523,24.019229255369588,Completed,
52,Cold_Common,2024,2998,2062,1723.6308855541208,20.985645137578175,Completed,
56,Cold_Common,2024,2998,2062,1863.4253408116206,22.68767824386694,Completed,
66,Cold_Common,2024,2998,2062,1513.1532569492754,18.423026388796433,Completed,
62,Cold_Common,2024,2998,2062,1892.8357867393395,23.045757915535518,Completed,
61,Cold_Common,2024,2998,2062,2124.637820370893,25.86800672804556,Completed,
65,Cold_Common,2024,2998,2062,1844.4786097779242,22.456996966731165,Completed,
64,Cold_Common,2024,2998,2062,2044.5967122070101,24.893485845167692,Completed,
63,Cold_Common,2024,2998,2062,2008.2301202883345,24.450713323936675,Completed,
67,Cold_Common,2024,2998,2062,2019.4372543653044,24.58716303641264,Completed,
50,Cold_Common,2024,2998,2062,2578.3300432003566,31.391825121980467,Completed,
59,Cold_Common,2024,2998,2062,2262.463195846157,27.54606578634997,Completed,
71,Cold_Common,2024,2998,2062,2042.579360135826,24.868924069767722,Completed,
73,Cold_Common,2024,2998,2062,1647.02541216764,20.05295398336504,Completed,
68,Cold_Common,2024,2998,2062,1900.047064508976,23.13355705949983,Completed,
80,Cold_Common,2024,2998,2062,1438.7153722385908,17.51672617891816,Completed,
70,Cold_Common,2024,2998,2062,2257.6897119699393,27.487947404081574,Completed,
60,Cold_Common,2024,2998,2062,1813.5748844188934,22.080736237563908,Completed,
74,Cold_Common,2024,2998,2062,1984.5097298028218,24.16191152685486,Completed,
81,Cold_Common,2024,2998,2062,1592.5686278346218,19.389928760897558,Completed,
76,Cold_Common,2024,2998,2062,1766.6076068243294,21.508897667636695,Completed,
77,Cold_Common,2024,2998,2062,1899.4668696639917,23.12649303945381,Completed,
69,Cold_Common,2024,2998,2062,1925.8365926893305,23.447551135142362,Completed,
83,Cold_Common,2024,2998,2062,1813.136233572155,22.075395551755772,Completed,
84,Cold_Common,2024,2998,2062,1541.8240497879115,18.77210059567409,Completed,
85,Cold_Common,2024,2998,2062,1812.450502703211,22.067046603732067,Completed,
75,Cold_Common,2024,2998,2062,1998.7774086877714,24.33562415206128,Completed,
72,Cold_Common,2024,2998,2062,1493.300043942954,18.18130846271189,Completed,
79,Cold_Common,2024,2998,2062,1719.417151029297,20.934341846262708,Completed,
87,Cold_Common,2024,2998,2062,1655.8793137277942,20.160752490447788,Completed,
82,Cold_Common,2024,2998,2062,2004.2774624664178,24.402588707990063,Completed,
91,Cold_Common,2024,2998,2062,1878.9987621089842,22.877288615590704,Completed,
86,Cold_Common,2024,2998,2062,1914.5434402780247,23.310054127532144,Completed,
88,Cold_Common,2024,2998,2062,1757.0864509450344,21.392975169231118,Completed,
92,Cold_Common,2024,2998,2062,2032.183628120016,24.74235338409623,Completed,
78,Cold_Common,2024,2998,2062,2335.7219926321804,28.43801030036534,Completed,
89,Cold_Common,2024,2998,2062,1782.9659561559824,21.70806473814335,Completed,
95,Cold_Common,2024,2998,2062,1529.5291790524757,18.622407412273457,Completed,
96,Cold_Common,2024,2998,2062,1518.2382771697075,18.484937805421517,Completed,
94,Cold_Common,2024,2998,2062,1762.388668501831,21.457531018758843,Completed,
93,Cold_Common,2024,2998,2062,2476.973827317927,30.15778737246971,Completed,
90,Cold_Common,2024,2998,2062,1990.9552553171884,24.24038744203099,Completed,
97,Cold_Common,2024,2998,2062,2276.1490269559695,27.712694266664666,Completed,
98,Cold_Common,2024,2998,2062,2275.854377154549,27.70910683026846,Completed,
99,Cold_Common,2024,2998,2062,1968.9274731216394,23.972193582082234,Completed,
